ID,NAME,SERIAL,MANUFACTURER,MODEL,TYPE,CPU,RAM_MB,DISK_GB,OS,DOMAIN,LOCATION,BUILDING,ROOM,MACADDR,PURCHASE_DATE,WARRANTY_END
3992877,ThinkCentre M720,LNUNVMU6PH,Lenovo,THINKCENTRE-VZ-0001,Desktop,Intel Core i5-7500,8192,1024,Windows 11 Pro,ADM.UVSQ,Vélizy,GEII,Bureau 219,02:00:00:31:5D:42,2020-11-14,2025-11-13
1252426,OptiPlex 9020,DLDLCWEFFF,Dell,OPTIPLEX-VZ-0002,Desktop,Intel Core i7-8650U,32768,512,Windows 10 Pro,WORKGROUP,Vélizy,GEII,Salle 132,02:00:00:03:D6:E7,2020-08-12,2025-08-11
5332095,Latitude 5490,DLFWXRLJ3E,Dell,LATITUDE-RB-0003,Laptop,Intel Core i5-8250U,32768,512,Windows 11 Pro,WORKGROUP,Rambouillet,GEII,Salle 109,02:00:00:40:D2:1B,2018-02-25,2021-02-24
6796046,All-in-One 24-df,HPF9VUMUKB,HP,ALLINONE-VZ-0004,AiO,Intel Core i5-6500,8192,256,Windows 10 Pro,WORKGROUP,Vélizy,MMI,Salle 139,02:00:00:6D:31:7F,2023-03-31,2026-03-30
1041776,OptiPlex 9020,DLZ4QCMPSE,Dell,OPTIPLEX-VZ-0005,Desktop,Intel Core i5-6500,32768,1024,Windows 10 Pro,PEDA.UVSQ,Vélizy,MMI,Bureau 225,02:00:00:66:16:3A,2018-08-14,2023-08-13
1482432,OptiPlex 7050,DLJKP4PCXE,Dell,OPTIPLEX-VZ-0006,Desktop,Intel Core i5-10400,32768,256,Windows 11 Pro,WORKGROUP,Vélizy,Bâtiment B,Bureau 223,02:00:00:48:75:0E,2024-04-29,2027-04-29
6790950,Latitude 5490,DLTURTVDT7,Dell,LATITUDE-VZ-0007,Laptop,Intel Core i5-7500,8192,256,Windows 11 Pro,PEDA.UVSQ,Vélizy,Bâtiment A,Salle 122,02:00:00:11:03:D1,2021-03-20,2025-03-19
2726106,ProDesk 600 G3,HPF8XSW24U,HP,PRODESK-VZ-0008,Desktop,Intel Core i7-8650U,8192,256,Windows 10 Edu,ADM.UVSQ,Vélizy,INFO,Salle 157,02:00:00:71:5B:77,2019-11-30,2022-11-29
6596592,Latitude 5490,DLZ77YD67P,Dell,LATITUDE-RB-0009,Laptop,Intel Core i7-8700,8192,512,Windows 11 Pro,WORKGROUP,Rambouillet,R&T,Salle 142,02:00:00:33:2E:BF,2020-09-10,2025-09-09
8300437,OptiPlex 7070,DLV2RQWYNR,Dell,OPTIPLEX-RB-0010,Desktop,Intel Core i5-7500,8192,1024,Windows 11 Pro,ADM.UVSQ,Rambouillet,R&T,Salle 121,02:00:00:2F:56:09,2023-01-13,2028-01-12
7994942,ThinkPad T480,LNRSDUER6T,Lenovo,THINKPAD-RB-0011,Laptop,Intel Core i5-8250U,16384,1024,Windows 10 Pro,PEDA.UVSQ,Rambouillet,Bâtiment B,Salle 131,02:00:00:53:94:DB,2017-07-10,2020-07-09
1192291,ProDesk 600 G3,HP469XXV74,HP,PRODESK-VZ-0012,Desktop,Intel Core i5-10400,4096,256,Windows 11 Edu,WORKGROUP,Vélizy,Bâtiment B,Salle 152,02:00:00:7C:8E:3F,2021-09-15,2026-09-14
4599571,EliteDesk 800 G3,HPM3QLTN68,HP,ELITEDESK-RB-0013,Desktop,Intel Core i5-10400,8192,256,Windows 11 Edu,PEDA.UVSQ,Rambouillet,GEII,Salle 145,02:00:00:77:A5:81,2023-04-26,2028-04-24
8368406,ProDesk 600 G3,HPLXRMV3MB,HP,PRODESK-VZ-0014,Desktop,Intel Core i5-10400,8192,1024,Windows 11 Edu,ADM.UVSQ,Vélizy,Bâtiment A,Salle 144,02:00:00:1E:88:71,2021-09-11,2024-09-10
6767756,ProOne 600 G5 AiO,HPPF8QHAXF,HP,PROONE-RB-0015,AiO,Intel Core i5-7500,4096,256,Windows 11 Edu,ADM.UVSQ,Rambouillet,MMI,Salle 131,02:00:00:76:17:8B,2023-10-04,2028-10-02
5607554,OptiPlex 7060,DLWZ4UUGGG,Dell,OPTIPLEX-RB-0016,Desktop,Intel Core i5-10400,8192,512,Windows 11 Pro,PEDA.UVSQ,Rambouillet,INFO,Salle 130,02:00:00:73:32:2F,2021-12-07,2026-12-06
1651567,ThinkCentre M910,LNXCWD6MNC,Lenovo,THINKCENTRE-RB-0017,Desktop,Intel Core i5-8250U,8192,512,Windows 11 Edu,WORKGROUP,Rambouillet,INFO,Salle 128,02:00:00:71:F8:9C,2023-01-24,2027-01-23
8234761,ProDesk 400 G4,HPJRPBPACT,HP,PRODESK-RB-0018,Desktop,Intel Core i5-7500,32768,256,Windows 10 Edu,ADM.UVSQ,Rambouillet,INFO,Salle 129,02:00:00:08:1C:C7,2022-03-27,2026-03-26
2716852,OptiPlex 7060,DLSY28FE62,Dell,OPTIPLEX-RB-0019,Desktop,Intel Core i5-7500,32768,1024,Windows 11 Edu,PEDA.UVSQ,Rambouillet,GEII,Salle 112,02:00:00:77:62:52,2017-04-29,2022-04-28
2971241,Latitude 5490,DL3XHE9ZVK,Dell,LATITUDE-RB-0020,Laptop,Intel Core i5-10400,4096,1024,Windows 10 Edu,ADM.UVSQ,Rambouillet,INFO,Salle 158,02:00:00:43:24:13,2020-05-01,2023-05-01
5819414,Latitude 5490,DLDGZETW8C,Dell,LATITUDE-RB-0021,Laptop,Intel Core i5-7500,4096,1024,Windows 10 Pro,ADM.UVSQ,Rambouillet,INFO,Salle 101,02:00:00:5E:44:F2,2020-06-09,2024-06-08
2679683,EliteDesk 800 G3,HPP6LZMNWS,HP,ELITEDESK-RB-0022,Desktop,Intel Core i5-10400,4096,512,Windows 11 Pro,WORKGROUP,Rambouillet,MMI,Bureau 229,02:00:00:32:61:43,2020-03-15,2024-03-14
6448059,OptiPlex 7050,DLMJ3ELD2U,Dell,OPTIPLEX-VZ-0023,Desktop,Intel Core i5-7500,4096,1024,Windows 11 Pro,PEDA.UVSQ,Vélizy,Bâtiment B,Salle 142,02:00:00:35:5D:81,2023-03-15,2027-03-14
1093363,OptiPlex 7050,DL5SP49E6V,Dell,OPTIPLEX-RB-0024,Desktop,Intel Core i5-10400,4096,512,Windows 10 Pro,WORKGROUP,Rambouillet,GEII,Salle 125,02:00:00:75:E0:7A,2021-01-28,2024-01-28
1480047,OptiPlex 7070,DLFN52GGZ4,Dell,OPTIPLEX-VZ-0025,Desktop,Intel Core i5-10400,8192,512,Windows 10 Pro,PEDA.UVSQ,Vélizy,INFO,Salle 109,02:00:00:1F:2D:E4,2022-01-02,2027-01-01
4762903,ThinkPad T480,LNGFU8WGD5,Lenovo,THINKPAD-RB-0026,Laptop,Intel Core i5-6500,4096,256,Windows 11 Edu,PEDA.UVSQ,Rambouillet,Bâtiment A,Bureau 226,02:00:00:34:4A:C4,2019-02-22,2023-02-21
9982107,ThinkCentre M720,LNXXH99YEN,Lenovo,THINKCENTRE-VZ-0027,Desktop,Intel Core i5-7500,32768,512,Windows 10 Pro,WORKGROUP,Vélizy,MMI,Salle 144,02:00:00:5B:62:BF,2021-06-14,2024-06-13
4663898,ProDesk 400 G4,HPYBGZ56LZ,HP,PRODESK-RB-0028,Desktop,Intel Core i5-8250U,8192,256,Windows 11 Pro,WORKGROUP,Rambouillet,GEII,Bureau 219,02:00:00:3D:3D:88,2024-11-19,2029-11-18
5185687,OptiPlex 7050,DLCT4ECGUG,Dell,OPTIPLEX-VZ-0029,Desktop,Intel Core i5-6500,4096,512,Windows 11 Edu,WORKGROUP,Vélizy,INFO,Salle 105,02:00:00:57:44:0D,2018-01-03,2021-01-02
7790715,OptiPlex 7070,DLFW57HQ5H,Dell,OPTIPLEX-VZ-0030,Desktop,Intel Core i5-7500,8192,1024,Windows 11 Pro,ADM.UVSQ,Vélizy,MMI,Salle 117,02:00:00:6F:0C:16,2018-04-18,2023-04-17
5035572,ThinkCentre M910,LNXT889AWS,Lenovo,THINKCENTRE-VZ-0031,Desktop,Intel Core i7-8650U,4096,256,Windows 10 Pro,ADM.UVSQ,Vélizy,Bâtiment A,Salle 122,02:00:00:38:53:E9,2018-08-14,2022-08-13
5490879,ProDesk 400 G4,HPS99VV9ME,HP,PRODESK-VZ-0032,Desktop,Intel Core i5-7500,8192,1024,Windows 10 Pro,WORKGROUP,Vélizy,INFO,Salle 111,02:00:00:75:84:3F,2019-08-27,2023-08-26
7460861,OptiPlex 9020,DLJQ2UY7BF,Dell,OPTIPLEX-VZ-0033,Desktop,Intel Core i7-8700,32768,256,Windows 11 Edu,WORKGROUP,Vélizy,Bâtiment A,Salle 117,02:00:00:1E:72:6F,2023-10-31,2026-10-30
3543882,OptiPlex 7060,DL448HBGPK,Dell,OPTIPLEX-VZ-0034,Desktop,Intel Core i7-8700,8192,512,Windows 11 Edu,WORKGROUP,Vélizy,Bâtiment A,Salle 129,02:00:00:51:45:ED,2017-05-18,2022-05-17
9592958,All-in-One 24-df,HPLRG9ASDV,HP,ALLINONE-VZ-0035,AiO,Intel Core i5-7500,8192,256,Windows 10 Pro,PEDA.UVSQ,Vélizy,GEII,Salle 145,02:00:00:64:FD:7F,2017-02-02,2021-02-01
1339050,EliteDesk 800 G3,HP5AWP2XY3,HP,ELITEDESK-VZ-0036,Desktop,Intel Core i5-6500,16384,256,Windows 10 Pro,PEDA.UVSQ,Vélizy,GEII,Bureau 223,02:00:00:1A:1F:3F,2017-11-25,2021-11-24
3854768,OptiPlex 7060,DLKMPBKUPV,Dell,OPTIPLEX-RB-0037,Desktop,Intel Core i5-10400,4096,512,Windows 11 Pro,ADM.UVSQ,Rambouillet,MMI,Salle 105,02:00:00:4D:D5:09,2019-09-29,2022-09-28
8747261,OptiPlex 9020,DL4CX93AW8,Dell,OPTIPLEX-RB-0038,Desktop,Intel Core i5-7500,4096,512,Windows 11 Edu,ADM.UVSQ,Rambouillet,Bâtiment A,Bureau 228,02:00:00:6A:2E:BC,2022-01-13,2026-01-12
7004693,Latitude 5490,DLP93ESLZS,Dell,LATITUDE-VZ-0039,Laptop,Intel Core i7-8700,32768,256,Windows 11 Pro,WORKGROUP,Vélizy,R&T,Bureau 224,02:00:00:26:ED:9F,2024-11-09,2027-11-09
2132733,EliteDesk 800 G3,HP7GLSMEGV,HP,ELITEDESK-RB-0040,Desktop,Intel Core i7-8650U,32768,1024,Windows 11 Pro,ADM.UVSQ,Rambouillet,GEII,Salle 111,02:00:00:13:24:A0,2018-02-21,2022-02-20
6523989,Latitude 5490,DL72R7JWJU,Dell,LATITUDE-VZ-0041,Laptop,Intel Core i5-10400,4096,256,Windows 11 Edu,WORKGROUP,Vélizy,INFO,Salle 110,02:00:00:2F:9E:C2,2022-06-20,2026-06-19
1672436,ThinkCentre M720,LN2RFTM7QN,Lenovo,THINKCENTRE-RB-0042,Desktop,Intel Core i5-6500,16384,1024,Windows 10 Edu,WORKGROUP,Rambouillet,INFO,Bureau 201,02:00:00:69:0F:B9,2018-08-28,2021-08-27
1389953,OptiPlex 7060,DLRTVFZ6Y3,Dell,OPTIPLEX-VZ-0043,Desktop,Intel Core i5-7500,16384,1024,Windows 11 Pro,WORKGROUP,Vélizy,GEII,Bureau 229,02:00:00:5C:9E:61,2020-06-21,2024-06-20
4629508,OptiPlex 7050,DL9EKR84RU,Dell,OPTIPLEX-VZ-0044,Desktop,Intel Core i5-10400,4096,256,Windows 11 Edu,ADM.UVSQ,Vélizy,Bâtiment A,Salle 139,02:00:00:5A:39:7D,2021-04-26,2025-04-25
5264286,ThinkCentre M910,LN7TVZKH85,Lenovo,THINKCENTRE-VZ-0045,Desktop,Intel Core i7-8650U,4096,512,Windows 10 Edu,ADM.UVSQ,Vélizy,INFO,Bureau 203,02:00:00:68:DA:3A,2018-12-23,2022-12-22
8691670,OptiPlex 7060,DLRLB9R6G5,Dell,OPTIPLEX-RB-0046,Desktop,Intel Core i5-10400,32768,256,Windows 11 Pro,ADM.UVSQ,Rambouillet,Bâtiment B,Bureau 220,02:00:00:3F:25:68,2024-10-11,2027-10-11
7440297,ProOne 600 G5 AiO,HPRJA37RZN,HP,PROONE-VZ-0047,AiO,Intel Core i5-6500,4096,1024,Windows 10 Edu,ADM.UVSQ,Vélizy,INFO,Salle 120,02:00:00:5A:38:0F,2023-07-14,2028-07-12
4187898,ProDesk 400 G4,HPAYTY39G5,HP,PRODESK-RB-0048,Desktop,Intel Core i5-6500,8192,256,Windows 10 Edu,WORKGROUP,Rambouillet,Bâtiment A,Salle 154,02:00:00:76:29:D0,2021-09-06,2024-09-05
3878494,Latitude 5490,DLP5J24U4H,Dell,LATITUDE-RB-0049,Laptop,Intel Core i5-10400,32768,512,Windows 11 Pro,PEDA.UVSQ,Rambouillet,Bâtiment A,Salle 123,02:00:00:23:E4:84,2021-02-20,2025-02-19
7085856,OptiPlex 7050,DLN4EV9LUY,Dell,OPTIPLEX-RB-0050,Desktop,Intel Core i5-8250U,4096,1024,Windows 10 Pro,WORKGROUP,Rambouillet,Bâtiment B,Salle 156,02:00:00:32:EA:B7,2021-04-04,2024-04-03
8954808,EliteDesk 800 G3,HPCPEZ5XA9,HP,ELITEDESK-RB-0051,Desktop,Intel Core i5-6500,8192,256,Windows 10 Pro,ADM.UVSQ,Rambouillet,INFO,Salle 104,02:00:00:0F:B0:E0,2023-01-01,2027-12-31
2757242,ProDesk 600 G3,HP7TXHD7UF,HP,PRODESK-VZ-0052,Desktop,Intel Core i5-6500,4096,512,Windows 11 Edu,ADM.UVSQ,Vélizy,Bâtiment A,Bureau 211,02:00:00:1A:8D:BB,2019-10-18,2022-10-17
7468698,OptiPlex 7050,DLBN2E562B,Dell,OPTIPLEX-VZ-0053,Desktop,Intel Core i5-7500,16384,1024,Windows 11 Pro,WORKGROUP,Vélizy,R&T,Salle 103,02:00:00:54:FF:E5,2021-04-08,2025-04-07
4982283,OptiPlex 7060,DL2TVK4YH9,Dell,OPTIPLEX-VZ-0054,Desktop,Intel Core i5-10400,16384,256,Windows 10 Pro,ADM.UVSQ,Vélizy,R&T,Salle 157,02:00:00:41:1C:28,2021-02-23,2024-02-23
4526493,ThinkCentre M720,LNJVDJEYPL,Lenovo,THINKCENTRE-RB-0055,Desktop,Intel Core i7-8650U,4096,1024,Windows 11 Edu,ADM.UVSQ,Rambouillet,Bâtiment A,Salle 140,02:00:00:58:B3:8E,2021-05-04,2024-05-03
4124803,OptiPlex 7050,DLZL43LJ35,Dell,OPTIPLEX-VZ-0056,Desktop,Intel Core i7-8650U,16384,1024,Windows 11 Edu,PEDA.UVSQ,Vélizy,R&T,Bureau 226,02:00:00:45:4F:58,2017-08-19,2020-08-18
6166631,OptiPlex 7070,DLGFJ36NKL,Dell,OPTIPLEX-VZ-0057,Desktop,Intel Core i5-8250U,16384,1024,Windows 11 Edu,WORKGROUP,Vélizy,R&T,Salle 155,02:00:00:72:D0:D6,2020-10-18,2023-10-18
3457746,Latitude 5490,DLJRLFPGFZ,Dell,LATITUDE-RB-0058,Laptop,Intel Core i5-6500,16384,256,Windows 11 Pro,ADM.UVSQ,Rambouillet,R&T,Bureau 209,02:00:00:52:A8:6F,2019-01-16,2024-01-15
2452320,Latitude 5490,DLVG2FETMP,Dell,LATITUDE-RB-0059,Laptop,Intel Core i5-6500,16384,256,Windows 11 Edu,WORKGROUP,Rambouillet,R&T,Salle 134,02:00:00:4A:8D:2F,2017-07-14,2021-07-13
1793905,ProOne 600 G5 AiO,HPQRUFDMFM,HP,PROONE-VZ-0060,AiO,Intel Core i5-8250U,8192,1024,Windows 11 Edu,WORKGROUP,Vélizy,MMI,Salle 115,02:00:00:05:4F:37,2024-03-31,2028-03-30
6090445,ThinkPad T480,LNE4HUC4SA,Lenovo,THINKPAD-VZ-0061,Laptop,Intel Core i5-8250U,4096,512,Windows 10 Edu,ADM.UVSQ,Vélizy,INFO,Salle 124,02:00:00:70:86:69,2020-11-07,2025-11-06
3539570,OptiPlex 9020,DLXDGXH4XQ,Dell,OPTIPLEX-VZ-0062,Desktop,Intel Core i5-7500,16384,512,Windows 10 Edu,PEDA.UVSQ,Vélizy,GEII,Salle 127,02:00:00:1E:F1:3D,2018-11-26,2022-11-25
6207123,OptiPlex 7060,DLPLXFS6ZA,Dell,OPTIPLEX-RB-0063,Desktop,Intel Core i7-8650U,32768,512,Windows 11 Pro,WORKGROUP,Rambouillet,GEII,Bureau 205,02:00:00:21:2D:A5,2020-06-15,2024-06-14
6835263,OptiPlex 7050,DL5C27AQQL,Dell,OPTIPLEX-VZ-0064,Desktop,Intel Core i7-8700,4096,256,Windows 11 Edu,ADM.UVSQ,Vélizy,INFO,Bureau 206,02:00:00:0C:81:9C,2022-03-13,2027-03-12
4095346,OptiPlex 7050,DLN3LXWUCQ,Dell,OPTIPLEX-VZ-0065,Desktop,Intel Core i7-8700,4096,1024,Windows 10 Edu,PEDA.UVSQ,Vélizy,GEII,Salle 152,02:00:00:37:F1:B5,2024-12-16,2027-12-16
3431495,Latitude 5490,DLLYEC7MSD,Dell,LATITUDE-VZ-0066,Laptop,Intel Core i5-7500,4096,1024,Windows 11 Edu,PEDA.UVSQ,Vélizy,INFO,Salle 146,02:00:00:5C:31:C4,2020-09-05,2024-09-04
2697432,ThinkPad T480,LNEFKH8BF4,Lenovo,THINKPAD-VZ-0067,Laptop,Intel Core i5-7500,16384,256,Windows 10 Pro,PEDA.UVSQ,Vélizy,INFO,Bureau 221,02:00:00:45:29:36,2019-01-30,2022-01-29
7287481,All-in-One 24-df,HP452R2CJ4,HP,ALLINONE-RB-0068,AiO,Intel Core i5-6500,32768,256,Windows 11 Pro,PEDA.UVSQ,Rambouillet,MMI,Bureau 206,02:00:00:0C:07:83,2018-09-21,2022-09-20
8633347,OptiPlex 7050,DLCU3VWFRS,Dell,OPTIPLEX-RB-0069,Desktop,Intel Core i7-8700,8192,256,Windows 11 Edu,PEDA.UVSQ,Rambouillet,Bâtiment B,Bureau 213,02:00:00:05:8E:F2,2017-03-06,2022-03-05
7659969,ProDesk 400 G4,HPFEEHUUUP,HP,PRODESK-RB-0070,Desktop,Intel Core i7-8650U,4096,1024,Windows 11 Edu,ADM.UVSQ,Rambouillet,INFO,Salle 156,02:00:00:61:68:92,2017-07-01,2021-06-30
6960578,OptiPlex 7050,DLBZKDGGNF,Dell,OPTIPLEX-RB-0071,Desktop,Intel Core i5-8250U,32768,1024,Windows 10 Pro,PEDA.UVSQ,Rambouillet,GEII,Salle 151,02:00:00:1B:7A:AE,2020-07-09,2023-07-09
5292771,OptiPlex 7060,DLC5SY8L79,Dell,OPTIPLEX-RB-0072,Desktop,Intel Core i7-8700,4096,256,Windows 10 Pro,WORKGROUP,Rambouillet,GEII,Salle 135,02:00:00:60:F3:05,2020-01-19,2025-01-17
2658716,ThinkCentre M910,LN73K9LPVY,Lenovo,THINKCENTRE-VZ-0073,Desktop,Intel Core i7-8700,16384,1024,Windows 11 Pro,WORKGROUP,Vélizy,Bâtiment B,Salle 140,02:00:00:2F:58:7E,2021-07-07,2025-07-06
7063375,OptiPlex 9020,DLN92PEJ5V,Dell,OPTIPLEX-RB-0074,Desktop,Intel Core i7-8700,16384,1024,Windows 10 Edu,PEDA.UVSQ,Rambouillet,R&T,Salle 101,02:00:00:66:04:11,2022-12-05,2025-12-04
5849573,OptiPlex 7050,DLF4LGTA29,Dell,OPTIPLEX-RB-0075,Desktop,Intel Core i7-8650U,16384,1024,Windows 11 Pro,WORKGROUP,Rambouillet,INFO,Bureau 216,02:00:00:07:C3:58,2023-07-14,2027-07-13
7710926,ProDesk 400 G4,HP4M4SELWF,HP,PRODESK-VZ-0076,Desktop,Intel Core i5-10400,4096,1024,Windows 11 Pro,WORKGROUP,Vélizy,INFO,Salle 149,02:00:00:0A:45:CB,2017-08-19,2021-08-18
6833897,Latitude 5490,DL33XSY82P,Dell,LATITUDE-RB-0077,Laptop,Intel Core i7-8700,16384,512,Windows 11 Edu,ADM.UVSQ,Rambouillet,GEII,Salle 157,02:00:00:67:6D:F1,2023-01-11,2026-01-10
9371515,OptiPlex 9020,DLRWGZ6Q2E,Dell,OPTIPLEX-VZ-0078,Desktop,Intel Core i5-8250U,4096,256,Windows 10 Edu,ADM.UVSQ,Vélizy,GEII,Salle 125,02:00:00:30:9C:84,2022-03-31,2026-03-30
7369984,OptiPlex 7070,DLTBT62KB7,Dell,OPTIPLEX-RB-0079,Desktop,Intel Core i5-6500,8192,512,Windows 10 Edu,PEDA.UVSQ,Rambouillet,GEII,Bureau 218,02:00:00:01:69:B0,2022-10-24,2025-10-23
7093358,OptiPlex 7050,DL6NFHK8XN,Dell,OPTIPLEX-VZ-0080,Desktop,Intel Core i7-8650U,4096,1024,Windows 11 Pro,PEDA.UVSQ,Vélizy,Bâtiment B,Bureau 202,02:00:00:6B:9B:4B,2020-08-25,2025-08-24
6821183,Latitude 5490,DLZJR9V4YF,Dell,LATITUDE-VZ-0081,Laptop,Intel Core i5-10400,4096,512,Windows 11 Pro,PEDA.UVSQ,Vélizy,R&T,Bureau 226,02:00:00:50:B2:3C,2024-11-24,2029-11-23
5546909,Latitude 5490,DLDAAY3LQ6,Dell,LATITUDE-VZ-0082,Laptop,Intel Core i5-10400,32768,512,Windows 11 Pro,PEDA.UVSQ,Vélizy,GEII,Bureau 211,02:00:00:22:D8:1A,2018-08-02,2022-08-01
1806785,OptiPlex 7050,DLY835QVR8,Dell,OPTIPLEX-RB-0083,Desktop,Intel Core i5-8250U,16384,1024,Windows 10 Edu,PEDA.UVSQ,Rambouillet,GEII,Salle 104,02:00:00:4E:0A:EA,2019-06-18,2024-06-16
1432476,OptiPlex 7070,DLUFCQSQ9K,Dell,OPTIPLEX-VZ-0084,Desktop,Intel Core i5-6500,32768,256,Windows 11 Pro,WORKGROUP,Vélizy,Bâtiment B,Salle 152,02:00:00:6C:CC:90,2024-06-25,2027-06-25
5552681,OptiPlex 9020,DLR2PXR92U,Dell,OPTIPLEX-VZ-0085,Desktop,Intel Core i7-8650U,32768,1024,Windows 11 Edu,ADM.UVSQ,Vélizy,R&T,Bureau 216,02:00:00:2A:C5:EC,2019-03-28,2023-03-27
3807506,ProDesk 400 G4,HPY4TSWWE4,HP,PRODESK-RB-0086,Desktop,Intel Core i7-8650U,4096,256,Windows 11 Pro,ADM.UVSQ,Rambouillet,Bâtiment A,Salle 117,02:00:00:56:4E:34,2019-02-10,2024-02-09
5269617,ThinkPad T480,LNR7MSYJHW,Lenovo,THINKPAD-VZ-0087,Laptop,Intel Core i5-10400,8192,1024,Windows 11 Pro,ADM.UVSQ,Vélizy,MMI,Bureau 207,02:00:00:2E:9A:DC,2019-07-26,2024-07-24
2763637,All-in-One 24-df,HP4UNFVKET,HP,ALLINONE-RB-0088,AiO,Intel Core i5-8250U,16384,256,Windows 10 Edu,PEDA.UVSQ,Rambouillet,Bâtiment B,Bureau 208,02:00:00:5C:58:AC,2023-06-05,2027-06-04
5955187,OptiPlex 7050,DLUA53FVJM,Dell,OPTIPLEX-RB-0089,Desktop,Intel Core i7-8700,32768,512,Windows 10 Pro,WORKGROUP,Rambouillet,MMI,Salle 141,02:00:00:57:B8:18,2022-09-04,2025-09-03
6828199,ProDesk 400 G4,HPVTMT93CP,HP,PRODESK-VZ-0090,Desktop,Intel Core i5-7500,4096,1024,Windows 10 Pro,PEDA.UVSQ,Vélizy,Bâtiment A,Bureau 210,02:00:00:10:05:C6,2024-04-22,2029-04-21
1997258,EliteDesk 800 G3,HPWTJBTFMY,HP,ELITEDESK-RB-0091,Desktop,Intel Core i7-8700,32768,512,Windows 10 Edu,WORKGROUP,Rambouillet,Bâtiment B,Salle 154,02:00:00:5C:05:63,2018-07-12,2022-07-11
2827924,OptiPlex 7070,DLWTH7T6FC,Dell,OPTIPLEX-VZ-0092,Desktop,Intel Core i5-6500,32768,1024,Windows 10 Edu,WORKGROUP,Vélizy,Bâtiment B,Salle 151,02:00:00:4D:71:0A,2023-03-30,2026-03-29
8046130,ProDesk 400 G4,HP2V4M4DMG,HP,PRODESK-VZ-0093,Desktop,Intel Core i7-8700,4096,512,Windows 10 Pro,PEDA.UVSQ,Vélizy,INFO,Salle 142,02:00:00:09:E2:99,2023-04-05,2027-04-04
1120562,OptiPlex 7060,DL7J7FEPMY,Dell,OPTIPLEX-RB-0094,Desktop,Intel Core i5-10400,8192,1024,Windows 10 Edu,PEDA.UVSQ,Rambouillet,R&T,Bureau 214,02:00:00:2D:C7:7A,2019-01-04,2024-01-03
4558195,ThinkCentre M720,LNPUKCPGXU,Lenovo,THINKCENTRE-RB-0095,Desktop,Intel Core i7-8650U,16384,256,Windows 11 Edu,PEDA.UVSQ,Rambouillet,Bâtiment B,Salle 154,02:00:00:18:4B:CA,2018-01-21,2023-01-20
6738533,OptiPlex 7070,DLB9TGANUT,Dell,OPTIPLEX-RB-0096,Desktop,Intel Core i5-6500,32768,1024,Windows 11 Pro,ADM.UVSQ,Rambouillet,Bâtiment A,Salle 106,02:00:00:31:68:4A,2019-08-06,2024-08-04
2934242,All-in-One 24-df,HP9YAWVPES,HP,ALLINONE-VZ-0097,AiO,Intel Core i5-8250U,8192,256,Windows 11 Pro,WORKGROUP,Vélizy,INFO,Salle 155,02:00:00:1B:15:31,2021-12-10,2024-12-09
3770254,All-in-One 24-df,HP9B6EF3H7,HP,ALLINONE-VZ-0098,AiO,Intel Core i5-7500,4096,256,Windows 10 Edu,PEDA.UVSQ,Vélizy,Bâtiment B,Salle 131,02:00:00:7A:9B:DB,2019-12-16,2024-12-14
4882435,EliteDesk 800 G3,HPWLXKJKGG,HP,ELITEDESK-RB-0099,Desktop,Intel Core i5-6500,32768,512,Windows 11 Edu,ADM.UVSQ,Rambouillet,Bâtiment B,Salle 111,02:00:00:5C:97:F9,2020-05-15,2025-05-14
5737768,ProDesk 600 G3,HPRL7RW9RS,HP,PRODESK-RB-0100,Desktop,Intel Core i5-8250U,32768,1024,Windows 11 Edu,WORKGROUP,Rambouillet,MMI,Bureau 228,02:00:00:01:24:1E,2024-09-28,2029-09-27
9770924,ThinkCentre M910,LNWBMDECBY,Lenovo,THINKCENTRE-VZ-0101,Desktop,Intel Core i5-10400,16384,1024,Windows 10 Edu,WORKGROUP,Vélizy,Bâtiment A,Salle 112,02:00:00:3C:F6:6B,2024-05-09,2027-05-09
6063929,OptiPlex 9020,DLVGDSB5UR,Dell,OPTIPLEX-RB-0102,Desktop,Intel Core i5-6500,4096,256,Windows 11 Edu,WORKGROUP,Rambouillet,Bâtiment A,Salle 130,02:00:00:3F:6A:2A,2020-05-09,2025-05-08
7109770,Latitude 5490,DLG7YP3ASC,Dell,LATITUDE-RB-0103,Laptop,Intel Core i5-8250U,4096,512,Windows 11 Edu,WORKGROUP,Rambouillet,INFO,Bureau 217,02:00:00:3C:61:A3,2024-09-08,2028-09-07
3840790,ProDesk 400 G4,HPQYJECYPC,HP,PRODESK-RB-0104,Desktop,Intel Core i7-8700,8192,512,Windows 10 Pro,ADM.UVSQ,Rambouillet,MMI,Salle 114,02:00:00:6A:73:D2,2024-03-08,2028-03-07
1574025,OptiPlex 9020,DLTG4YNE47,Dell,OPTIPLEX-VZ-0105,Desktop,Intel Core i7-8650U,16384,512,Windows 10 Edu,ADM.UVSQ,Vélizy,Bâtiment B,Salle 142,02:00:00:1C:95:7C,2019-12-25,2023-12-24
4955130,ProDesk 600 G3,HP952D8KF3,HP,PRODESK-RB-0106,Desktop,Intel Core i5-7500,16384,256,Windows 10 Edu,WORKGROUP,Rambouillet,MMI,Salle 115,02:00:00:6E:7F:24,2022-07-14,2025-07-13
4798853,OptiPlex 7060,DLYXVHX658,Dell,OPTIPLEX-RB-0107,Desktop,Intel Core i5-6500,32768,512,Windows 11 Pro,ADM.UVSQ,Rambouillet,R&T,Salle 106,02:00:00:29:91:64,2023-05-11,2026-05-10
5128214,OptiPlex 7050,DL7GSRAFRF,Dell,OPTIPLEX-VZ-0108,Desktop,Intel Core i5-10400,8192,256,Windows 10 Pro,ADM.UVSQ,Vélizy,INFO,Bureau 218,02:00:00:17:0F:52,2020-05-23,2025-05-22
5315044,ProDesk 400 G4,HP8HZ33D9M,HP,PRODESK-VZ-0109,Desktop,Intel Core i7-8700,4096,1024,Windows 10 Edu,WORKGROUP,Vélizy,MMI,Salle 107,02:00:00:67:E0:45,2018-10-21,2022-10-20
3868324,OptiPlex 7050,DLKGPW9GEN,Dell,OPTIPLEX-RB-0110,Desktop,Intel Core i7-8700,8192,256,Windows 11 Pro,PEDA.UVSQ,Rambouillet,Bâtiment A,Bureau 210,02:00:00:25:F6:D4,2019-04-01,2024-03-30
6641271,OptiPlex 7060,DLE6WNDFXR,Dell,OPTIPLEX-VZ-0111,Desktop,Intel Core i5-6500,8192,512,Windows 10 Edu,PEDA.UVSQ,Vélizy,INFO,Salle 147,02:00:00:3F:20:58,2023-08-07,2026-08-06
4746698,OptiPlex 9020,DLJQNZMR85,Dell,OPTIPLEX-VZ-0112,Desktop,Intel Core i5-6500,8192,1024,Windows 10 Pro,ADM.UVSQ,Vélizy,Bâtiment A,Salle 155,02:00:00:5D:C1:79,2022-03-28,2025-03-27
6174675,ProDesk 400 G4,HPHVX9LKVM,HP,PRODESK-RB-0113,Desktop,Intel Core i5-8250U,16384,512,Windows 11 Pro,ADM.UVSQ,Rambouillet,Bâtiment B,Bureau 214,02:00:00:03:B9:22,2021-10-25,2024-10-24
1973620,EliteDesk 800 G3,HP9HFZ3YBK,HP,ELITEDESK-RB-0114,Desktop,Intel Core i5-10400,16384,256,Windows 10 Pro,PEDA.UVSQ,Rambouillet,R&T,Bureau 215,02:00:00:3B:09:38,2022-04-01,2027-03-31
9202170,OptiPlex 9020,DLGY8HXJ5D,Dell,OPTIPLEX-VZ-0115,Desktop,Intel Core i5-7500,16384,1024,Windows 11 Edu,PEDA.UVSQ,Vélizy,R&T,Salle 145,02:00:00:60:C6:50,2024-07-27,2028-07-26
7171803,OptiPlex 9020,DLLFMYHZ7Q,Dell,OPTIPLEX-VZ-0116,Desktop,Intel Core i5-8250U,4096,512,Windows 11 Pro,PEDA.UVSQ,Vélizy,INFO,Salle 151,02:00:00:4C:83:28,2022-02-01,2026-01-31
7681518,OptiPlex 7060,DLWJXHR2DS,Dell,OPTIPLEX-VZ-0117,Desktop,Intel Core i5-7500,8192,256,Windows 10 Edu,WORKGROUP,Vélizy,Bâtiment A,Salle 144,02:00:00:11:1A:B6,2017-01-02,2020-01-02
5632404,OptiPlex 7060,DLMMARDZDD,Dell,OPTIPLEX-VZ-0118,Desktop,Intel Core i7-8700,32768,512,Windows 10 Pro,WORKGROUP,Vélizy,INFO,Bureau 212,02:00:00:48:E9:8F,2024-09-21,2027-09-21
4565813,ThinkCentre M720,LNWTLTMRSY,Lenovo,THINKCENTRE-RB-0119,Desktop,Intel Core i5-10400,16384,1024,Windows 10 Pro,ADM.UVSQ,Rambouillet,R&T,Salle 130,02:00:00:21:98:41,2022-10-09,2025-10-08
8816098,OptiPlex 9020,DL6PDQMPE3,Dell,OPTIPLEX-VZ-0120,Desktop,Intel Core i5-6500,32768,1024,Windows 10 Pro,ADM.UVSQ,Vélizy,MMI,Bureau 213,02:00:00:76:84:F8,2017-12-16,2020-12-15
3763871,ThinkCentre M910,LNWPB2DUKK,Lenovo,THINKCENTRE-RB-0121,Desktop,Intel Core i5-6500,8192,256,Windows 10 Pro,PEDA.UVSQ,Rambouillet,GEII,Salle 112,02:00:00:3F:9E:F4,2019-09-22,2023-09-21
7673782,ProOne 600 G5 AiO,HP6ZXEAFS5,HP,PROONE-VZ-0122,AiO,Intel Core i5-8250U,16384,256,Windows 10 Edu,PEDA.UVSQ,Vélizy,R&T,Salle 129,02:00:00:20:99:F7,2020-11-10,2023-11-10
4475952,ProDesk 600 G3,HP6ZH8PG7J,HP,PRODESK-VZ-0123,Desktop,Intel Core i5-8250U,32768,1024,Windows 11 Pro,ADM.UVSQ,Vélizy,GEII,Salle 128,02:00:00:73:45:49,2022-11-03,2027-11-02
4251027,Latitude 5490,DL6RW3SUE3,Dell,LATITUDE-RB-0124,Laptop,Intel Core i5-6500,8192,512,Windows 11 Pro,PEDA.UVSQ,Rambouillet,Bâtiment A,Bureau 214,02:00:00:35:92:A8,2022-09-11,2027-09-10
5064249,EliteDesk 800 G3,HPDEJLZKT2,HP,ELITEDESK-VZ-0125,Desktop,Intel Core i5-6500,8192,256,Windows 10 Pro,ADM.UVSQ,Vélizy,INFO,Bureau 204,02:00:00:77:F0:1F,2020-07-11,2025-07-10
9192567,ThinkCentre M910,LNUNRVKMUK,Lenovo,THINKCENTRE-VZ-0126,Desktop,Intel Core i7-8700,16384,256,Windows 11 Pro,WORKGROUP,Vélizy,Bâtiment A,Salle 125,02:00:00:3D:DC:77,2023-03-05,2028-03-03
2712682,OptiPlex 9020,DL2FUPSNPJ,Dell,OPTIPLEX-VZ-0127,Desktop,Intel Core i7-8650U,4096,1024,Windows 10 Pro,WORKGROUP,Vélizy,GEII,Bureau 201,02:00:00:45:85:3E,2020-02-19,2025-02-17
9256896,OptiPlex 9020,DLEGFYWNW5,Dell,OPTIPLEX-VZ-0128,Desktop,Intel Core i5-10400,4096,1024,Windows 10 Edu,ADM.UVSQ,Vélizy,Bâtiment B,Salle 134,02:00:00:0B:E5:23,2021-01-30,2024-01-30
5937883,OptiPlex 7060,DLR5XDEMLQ,Dell,OPTIPLEX-RB-0129,Desktop,Intel Core i5-10400,32768,256,Windows 10 Edu,PEDA.UVSQ,Rambouillet,MMI,Salle 107,02:00:00:0C:3C:BF,2024-05-28,2027-05-28
7904230,Latitude 5490,DLQYXY9CM8,Dell,LATITUDE-RB-0130,Laptop,Intel Core i5-10400,16384,256,Windows 11 Edu,WORKGROUP,Rambouillet,INFO,Bureau 207,02:00:00:0E:56:49,2021-01-17,2026-01-16
3185778,OptiPlex 7060,DLB9H78XBX,Dell,OPTIPLEX-RB-0131,Desktop,Intel Core i7-8650U,16384,256,Windows 10 Edu,PEDA.UVSQ,Rambouillet,Bâtiment A,Salle 131,02:00:00:46:8E:7D,2020-11-19,2025-11-18
8753035,EliteDesk 800 G3,HPST7TMXYN,HP,ELITEDESK-RB-0132,Desktop,Intel Core i5-6500,16384,256,Windows 11 Pro,WORKGROUP,Rambouillet,Bâtiment B,Bureau 203,02:00:00:09:26:93,2021-04-20,2025-04-19
8338847,OptiPlex 7060,DLPCX96XGN,Dell,OPTIPLEX-RB-0133,Desktop,Intel Core i5-10400,32768,1024,Windows 10 Pro,WORKGROUP,Rambouillet,INFO,Salle 155,02:00:00:21:EF:A4,2018-05-02,2021-05-01
3441059,EliteDesk 800 G3,HPVCP36AJH,HP,ELITEDESK-RB-0134,Desktop,Intel Core i5-6500,32768,512,Windows 11 Pro,ADM.UVSQ,Rambouillet,Bâtiment A,Salle 132,02:00:00:20:B2:D3,2023-09-23,2027-09-22
6147185,ProOne 600 G5 AiO,HPW69LBKTF,HP,PROONE-VZ-0135,AiO,Intel Core i5-8250U,8192,256,Windows 10 Pro,ADM.UVSQ,Vélizy,MMI,Salle 145,02:00:00:23:D2:07,2023-02-06,2026-02-05
6024191,OptiPlex 7050,DLLFENUYTJ,Dell,OPTIPLEX-RB-0136,Desktop,Intel Core i5-6500,32768,1024,Windows 10 Edu,WORKGROUP,Rambouillet,R&T,Salle 121,02:00:00:71:A5:20,2017-06-13,2020-06-12
1070928,OptiPlex 7070,DLG5HTHXMJ,Dell,OPTIPLEX-VZ-0137,Desktop,Intel Core i5-7500,4096,256,Windows 10 Edu,ADM.UVSQ,Vélizy,Bâtiment A,Salle 148,02:00:00:47:22:C0,2019-08-24,2024-08-22
4744235,OptiPlex 9020,DL3F92H86W,Dell,OPTIPLEX-VZ-0138,Desktop,Intel Core i7-8700,32768,512,Windows 11 Edu,PEDA.UVSQ,Vélizy,R&T,Bureau 212,02:00:00:58:EE:97,2021-01-21,2024-01-21
2574510,OptiPlex 7050,DLE7YADUWM,Dell,OPTIPLEX-RB-0139,Desktop,Intel Core i5-7500,32768,1024,Windows 11 Edu,WORKGROUP,Rambouillet,GEII,Salle 152,02:00:00:15:81:34,2021-10-21,2024-10-20
4641128,EliteDesk 800 G3,HP4A6L49NQ,HP,ELITEDESK-RB-0140,Desktop,Intel Core i7-8700,16384,1024,Windows 11 Edu,ADM.UVSQ,Rambouillet,INFO,Bureau 202,02:00:00:29:5A:93,2020-01-06,2023-01-05
4310059,Latitude 5490,DLUWSG7PXW,Dell,LATITUDE-VZ-0141,Laptop,Intel Core i5-7500,32768,512,Windows 11 Pro,ADM.UVSQ,Vélizy,GEII,Bureau 202,02:00:00:0E:6C:DC,2018-01-30,2021-01-29
6667649,OptiPlex 9020,DLUDQBBSTJ,Dell,OPTIPLEX-RB-0142,Desktop,Intel Core i5-7500,32768,256,Windows 11 Pro,ADM.UVSQ,Rambouillet,Bâtiment A,Salle 115,02:00:00:06:E4:03,2017-07-25,2021-07-24
9150199,OptiPlex 7050,DLRG3X62ZA,Dell,OPTIPLEX-VZ-0143,Desktop,Intel Core i5-7500,16384,1024,Windows 11 Edu,WORKGROUP,Vélizy,Bâtiment A,Salle 151,02:00:00:54:EE:54,2021-01-30,2026-01-29
6437890,Latitude 5490,DLHCCLTKPZ,Dell,LATITUDE-VZ-0144,Laptop,Intel Core i5-10400,4096,512,Windows 10 Edu,WORKGROUP,Vélizy,MMI,Salle 114,02:00:00:1A:3C:4A,2020-09-17,2023-09-17
1128747,OptiPlex 7070,DL9HEGCN4Y,Dell,OPTIPLEX-RB-0145,Desktop,Intel Core i7-8650U,32768,256,Windows 10 Pro,ADM.UVSQ,Rambouillet,MMI,Salle 156,02:00:00:64:51:4A,2024-02-22,2029-02-20
6386029,ThinkCentre M720,LN42ZJTSFC,Lenovo,THINKCENTRE-VZ-0146,Desktop,Intel Core i5-10400,4096,1024,Windows 11 Edu,WORKGROUP,Vélizy,GEII,Salle 156,02:00:00:28:49:95,2018-09-29,2023-09-28
1569156,ThinkCentre M720,LNSG6KMRT5,Lenovo,THINKCENTRE-VZ-0147,Desktop,Intel Core i5-6500,32768,256,Windows 11 Pro,ADM.UVSQ,Vélizy,MMI,Salle 146,02:00:00:2E:47:DF,2018-06-26,2021-06-25
9796596,OptiPlex 7070,DLE4LGNMTB,Dell,OPTIPLEX-VZ-0148,Desktop,Intel Core i5-10400,16384,1024,Windows 10 Edu,PEDA.UVSQ,Vélizy,INFO,Salle 123,02:00:00:5B:49:97,2019-05-23,2023-05-22
4200932,OptiPlex 7070,DLQN6QXTTM,Dell,OPTIPLEX-RB-0149,Desktop,Intel Core i7-8700,16384,512,Windows 10 Pro,WORKGROUP,Rambouillet,GEII,Salle 103,02:00:00:38:5C:83,2019-01-11,2023-01-10
1823361,Latitude 5490,DLBZ7446SQ,Dell,LATITUDE-VZ-0150,Laptop,Intel Core i5-8250U,32768,256,Windows 11 Edu,PEDA.UVSQ,Vélizy,MMI,Bureau 228,02:00:00:2B:54:B6,2024-02-10,2027-02-09
6813121,ProDesk 400 G4,HPF44A728X,HP,PRODESK-VZ-0151,Desktop,Intel Core i5-6500,32768,256,Windows 11 Pro,ADM.UVSQ,Vélizy,Bâtiment A,Salle 102,02:00:00:0C:EA:48,2022-04-18,2027-04-17
3308622,OptiPlex 7050,DLPXNDM464,Dell,OPTIPLEX-RB-0152,Desktop,Intel Core i7-8650U,16384,512,Windows 10 Pro,WORKGROUP,Rambouillet,Bâtiment A,Bureau 229,02:00:00:6C:79:A3,2021-03-31,2025-03-30
3171750,OptiPlex 7060,DLTC7M65YT,Dell,OPTIPLEX-VZ-0153,Desktop,Intel Core i5-7500,4096,512,Windows 10 Edu,ADM.UVSQ,Vélizy,Bâtiment B,Salle 158,02:00:00:30:F0:18,2017-04-07,2021-04-06
9184803,OptiPlex 9020,DLUSUYVU66,Dell,OPTIPLEX-RB-0154,Desktop,Intel Core i5-8250U,16384,512,Windows 11 Edu,ADM.UVSQ,Rambouillet,R&T,Bureau 219,02:00:00:6E:DE:28,2022-04-04,2027-04-03
7798105,ProDesk 600 G3,HPFUSH6PC2,HP,PRODESK-VZ-0155,Desktop,Intel Core i5-7500,4096,256,Windows 10 Edu,PEDA.UVSQ,Vélizy,R&T,Salle 128,02:00:00:33:CD:8B,2021-05-19,2025-05-18
4926642,OptiPlex 7070,DLKVG46QXX,Dell,OPTIPLEX-RB-0156,Desktop,Intel Core i7-8700,32768,512,Windows 10 Edu,PEDA.UVSQ,Rambouillet,Bâtiment B,Bureau 213,02:00:00:3C:DD:A7,2020-09-25,2025-09-24
8852205,Latitude 5490,DL5N5FKCBB,Dell,LATITUDE-VZ-0157,Laptop,Intel Core i5-10400,4096,256,Windows 10 Edu,PEDA.UVSQ,Vélizy,INFO,Salle 105,02:00:00:72:ED:E0,2018-05-17,2021-05-16
4420018,OptiPlex 9020,DLM8CDYZ6X,Dell,OPTIPLEX-VZ-0158,Desktop,Intel Core i7-8650U,8192,512,Windows 10 Edu,PEDA.UVSQ,Vélizy,Bâtiment A,Salle 147,02:00:00:7E:D9:BC,2024-03-19,2028-03-18
8040923,ProOne 600 G5 AiO,HPJHA6JZGP,HP,PROONE-VZ-0159,AiO,Intel Core i7-8650U,8192,256,Windows 10 Edu,WORKGROUP,Vélizy,INFO,Salle 135,02:00:00:06:1A:7E,2022-06-16,2027-06-15
4824763,OptiPlex 7060,DLF7NF49K8,Dell,OPTIPLEX-RB-0160,Desktop,Intel Core i7-8650U,32768,512,Windows 10 Pro,ADM.UVSQ,Rambouillet,R&T,Salle 153,02:00:00:78:30:35,2017-05-25,2021-05-24
3855045,OptiPlex 7060,DL45YBZH46,Dell,OPTIPLEX-RB-0161,Desktop,Intel Core i5-8250U,4096,512,Windows 10 Edu,WORKGROUP,Rambouillet,Bâtiment A,Bureau 226,02:00:00:25:2D:FA,2019-05-18,2023-05-17
2633967,ProOne 600 G5 AiO,HP5JY89NWY,HP,PROONE-VZ-0162,AiO,Intel Core i7-8650U,16384,512,Windows 11 Edu,ADM.UVSQ,Vélizy,Bâtiment A,Salle 153,02:00:00:50:36:63,2017-11-06,2020-11-05
3912481,ProDesk 400 G4,HP2RU78GGZ,HP,PRODESK-VZ-0163,Desktop,Intel Core i5-7500,32768,512,Windows 11 Edu,PEDA.UVSQ,Vélizy,Bâtiment B,Salle 109,02:00:00:77:01:C4,2021-04-06,2026-04-05
3520781,ProDesk 600 G3,HPUPAGH945,HP,PRODESK-VZ-0164,Desktop,Intel Core i5-6500,8192,512,Windows 11 Edu,WORKGROUP,Vélizy,GEII,Salle 121,02:00:00:1A:88:0F,2021-03-31,2025-03-30
2787211,ProDesk 400 G4,HP9KL33CAB,HP,PRODESK-RB-0165,Desktop,Intel Core i5-7500,16384,1024,Windows 11 Pro,PEDA.UVSQ,Rambouillet,Bâtiment B,Salle 155,02:00:00:15:5C:FA,2021-02-16,2026-02-15
3975329,All-in-One 24-df,HPV8RDD59V,HP,ALLINONE-VZ-0166,AiO,Intel Core i5-10400,16384,512,Windows 11 Edu,WORKGROUP,Vélizy,GEII,Salle 114,02:00:00:2B:F4:F3,2023-04-16,2026-04-15
3910651,OptiPlex 9020,DLZMSPWZVT,Dell,OPTIPLEX-RB-0167,Desktop,Intel Core i5-8250U,8192,1024,Windows 11 Edu,WORKGROUP,Rambouillet,GEII,Bureau 211,02:00:00:2F:D3:06,2018-09-13,2022-09-12
3318746,OptiPlex 7060,DLZV3WKRVH,Dell,OPTIPLEX-RB-0168,Desktop,Intel Core i5-8250U,8192,256,Windows 11 Edu,PEDA.UVSQ,Rambouillet,Bâtiment B,Salle 156,02:00:00:19:79:EA,2019-07-14,2022-07-13
6940260,OptiPlex 7070,DLQ3V6GKSK,Dell,OPTIPLEX-RB-0169,Desktop,Intel Core i7-8650U,8192,256,Windows 11 Pro,PEDA.UVSQ,Rambouillet,INFO,Salle 136,02:00:00:73:2E:FE,2022-05-27,2025-05-26
3131619,OptiPlex 7070,DLGNLFVWYF,Dell,OPTIPLEX-VZ-0170,Desktop,Intel Core i5-6500,4096,1024,Windows 11 Pro,ADM.UVSQ,Vélizy,Bâtiment A,Salle 155,02:00:00:2E:43:3B,2019-09-21,2023-09-20
4408936,All-in-One 24-df,HPLEXXJSNU,HP,ALLINONE-VZ-0171,AiO,Intel Core i7-8700,32768,1024,Windows 11 Edu,PEDA.UVSQ,Vélizy,Bâtiment B,Salle 157,02:00:00:65:DE:00,2023-02-27,2026-02-26
9830372,ProDesk 600 G3,HP3RKZ3CSV,HP,PRODESK-RB-0172,Desktop,Intel Core i5-7500,8192,512,Windows 11 Edu,ADM.UVSQ,Rambouillet,INFO,Bureau 220,02:00:00:63:6A:E9,2023-02-17,2026-02-16
7143798,All-in-One 24-df,HPVAP3A3BZ,HP,ALLINONE-RB-0173,AiO,Intel Core i5-10400,8192,256,Windows 10 Pro,PEDA.UVSQ,Rambouillet,GEII,Bureau 205,02:00:00:15:80:9C,2023-06-11,2028-06-09
5594892,OptiPlex 7050,DL5ZRBV6AB,Dell,OPTIPLEX-VZ-0174,Desktop,Intel Core i7-8700,8192,1024,Windows 10 Pro,WORKGROUP,Vélizy,Bâtiment B,Bureau 208,02:00:00:02:DE:96,2017-09-02,2021-09-01
9153967,ThinkCentre M720,LNCB3GCANX,Lenovo,THINKCENTRE-RB-0175,Desktop,Intel Core i5-7500,8192,512,Windows 10 Pro,WORKGROUP,Rambouillet,MMI,Salle 101,02:00:00:0C:7D:74,2023-04-01,2028-03-30
9169326,ThinkCentre M720,LN8VCQPKES,Lenovo,THINKCENTRE-VZ-0176,Desktop,Intel Core i5-6500,4096,256,Windows 11 Edu,ADM.UVSQ,Vélizy,Bâtiment B,Salle 111,02:00:00:18:2D:22,2021-07-15,2024-07-14
7282272,All-in-One 24-df,HPQ52MH59W,HP,ALLINONE-VZ-0177,AiO,Intel Core i5-7500,8192,512,Windows 11 Pro,PEDA.UVSQ,Vélizy,MMI,Bureau 212,02:00:00:42:54:0F,2023-01-07,2026-01-06
8549494,OptiPlex 7050,DL4NF4UHQB,Dell,OPTIPLEX-RB-0178,Desktop,Intel Core i7-8650U,32768,1024,Windows 10 Pro,WORKGROUP,Rambouillet,GEII,Salle 123,02:00:00:1E:35:93,2022-05-14,2027-05-13
1982802,All-in-One 24-df,HPB9EJXGJY,HP,ALLINONE-RB-0179,AiO,Intel Core i5-6500,16384,512,Windows 11 Pro,PEDA.UVSQ,Rambouillet,R&T,Salle 121,02:00:00:7A:2F:5B,2022-08-12,2025-08-11
9997566,OptiPlex 7060,DLS2PARC9E,Dell,OPTIPLEX-VZ-0180,Desktop,Intel Core i5-10400,16384,1024,Windows 11 Pro,WORKGROUP,Vélizy,Bâtiment B,Salle 120,02:00:00:34:3A:A4,2017-07-19,2022-07-18
8339923,OptiPlex 7070,DLSP6KTVTR,Dell,OPTIPLEX-RB-0181,Desktop,Intel Core i7-8700,8192,1024,Windows 11 Edu,WORKGROUP,Rambouillet,Bâtiment B,Bureau 212,02:00:00:16:6A:F0,2018-05-16,2023-05-15
7382506,ProDesk 400 G4,HPMDS6WHXB,HP,PRODESK-VZ-0182,Desktop,Intel Core i5-6500,8192,256,Windows 11 Pro,ADM.UVSQ,Vélizy,GEII,Bureau 210,02:00:00:74:C8:CE,2017-10-19,2021-10-18
2873875,Latitude 5490,DLVVKU588U,Dell,LATITUDE-VZ-0183,Laptop,Intel Core i7-8650U,16384,512,Windows 10 Edu,WORKGROUP,Vélizy,INFO,Salle 104,02:00:00:09:7C:76,2019-01-06,2024-01-05
7829608,Latitude 5490,DLMHQ4ETBS,Dell,LATITUDE-RB-0184,Laptop,Intel Core i5-8250U,16384,256,Windows 10 Edu,PEDA.UVSQ,Rambouillet,GEII,Bureau 201,02:00:00:3A:B7:8A,2019-01-08,2023-01-07
3053229,Latitude 5490,DLT35FVCWU,Dell,LATITUDE-RB-0185,Laptop,Intel Core i5-8250U,4096,512,Windows 10 Edu,ADM.UVSQ,Rambouillet,GEII,Salle 108,02:00:00:76:3D:82,2023-08-20,2028-08-18
1686701,EliteDesk 800 G3,HPRHCGCACC,HP,ELITEDESK-RB-0186,Desktop,Intel Core i5-10400,8192,1024,Windows 10 Edu,PEDA.UVSQ,Rambouillet,Bâtiment B,Salle 128,02:00:00:28:83:98,2021-09-21,2024-09-20
6516889,ProDesk 400 G4,HPYJT9KZP7,HP,PRODESK-RB-0187,Desktop,Intel Core i7-8650U,32768,1024,Windows 11 Edu,ADM.UVSQ,Rambouillet,MMI,Bureau 210,02:00:00:32:16:6B,2017-09-19,2020-09-18
1277142,ThinkPad T480,LNLLT7B4ZT,Lenovo,THINKPAD-RB-0188,Laptop,Intel Core i5-7500,16384,256,Windows 10 Edu,WORKGROUP,Rambouillet,INFO,Salle 121,02:00:00:50:0B:86,2017-07-05,2021-07-04
6983108,OptiPlex 7070,DL97HP2EWF,Dell,OPTIPLEX-VZ-0189,Desktop,Intel Core i5-8250U,16384,1024,Windows 11 Pro,PEDA.UVSQ,Vélizy,Bâtiment B,Salle 136,02:00:00:29:E6:4B,2023-04-21,2028-04-19
5660421,OptiPlex 9020,DLB9YTKVCG,Dell,OPTIPLEX-RB-0190,Desktop,Intel Core i5-7500,32768,256,Windows 10 Pro,PEDA.UVSQ,Rambouillet,MMI,Bureau 224,02:00:00:4B:AD:D7,2019-05-25,2022-05-24
3503546,Latitude 5490,DLPRY3TV6C,Dell,LATITUDE-VZ-0191,Laptop,Intel Core i5-10400,4096,256,Windows 10 Edu,WORKGROUP,Vélizy,INFO,Bureau 218,02:00:00:0C:79:9D,2021-07-15,2026-07-14
2577240,OptiPlex 7070,DLMCZB2BW6,Dell,OPTIPLEX-RB-0192,Desktop,Intel Core i7-8650U,4096,256,Windows 10 Pro,WORKGROUP,Rambouillet,R&T,Bureau 214,02:00:00:79:32:C0,2018-12-28,2023-12-27
1836757,OptiPlex 9020,DLA7UWCPU2,Dell,OPTIPLEX-RB-0193,Desktop,Intel Core i5-6500,8192,256,Windows 11 Pro,PEDA.UVSQ,Rambouillet,Bâtiment A,Bureau 201,02:00:00:08:5A:D5,2017-07-23,2021-07-22
5438547,OptiPlex 7060,DLFZEZRRL2,Dell,OPTIPLEX-VZ-0194,Desktop,Intel Core i7-8650U,32768,1024,Windows 11 Edu,PEDA.UVSQ,Vélizy,GEII,Salle 139,02:00:00:09:DC:E2,2019-02-15,2022-02-14
6363360,OptiPlex 7060,DL3LRRXSYQ,Dell,OPTIPLEX-VZ-0195,Desktop,Intel Core i5-6500,4096,256,Windows 11 Pro,PEDA.UVSQ,Vélizy,GEII,Salle 123,02:00:00:63:0D:55,2022-07-08,2027-07-07
2499803,OptiPlex 7050,DL79UUA5GG,Dell,OPTIPLEX-RB-0196,Desktop,Intel Core i5-8250U,4096,512,Windows 11 Pro,ADM.UVSQ,Rambouillet,MMI,Salle 149,02:00:00:20:B9:B0,2018-08-29,2022-08-28
5950024,OptiPlex 7070,DLHZG9JACB,Dell,OPTIPLEX-VZ-0197,Desktop,Intel Core i7-8700,32768,512,Windows 10 Edu,PEDA.UVSQ,Vélizy,Bâtiment B,Bureau 209,02:00:00:50:06:1A,2021-09-25,2026-09-24
1686675,ThinkCentre M720,LNY8WE6EGR,Lenovo,THINKCENTRE-RB-0198,Desktop,Intel Core i7-8650U,4096,512,Windows 11 Edu,WORKGROUP,Rambouillet,R&T,Salle 125,02:00:00:7C:BB:67,2019-08-24,2023-08-23
3859082,OptiPlex 7070,DLKFSKSE7G,Dell,OPTIPLEX-RB-0199,Desktop,Intel Core i5-7500,4096,512,Windows 11 Pro,PEDA.UVSQ,Rambouillet,INFO,Salle 105,02:00:00:3A:45:F8,2024-03-16,2028-03-15
9178293,EliteDesk 800 G3,HPR9DY795K,HP,ELITEDESK-VZ-0200,Desktop,Intel Core i5-6500,32768,1024,Windows 10 Edu,PEDA.UVSQ,Vélizy,R&T,Salle 127,02:00:00:6B:AD:0C,2024-03-08,2027-03-08
4145639,EliteDesk 800 G3,HP9BBTHP4Y,HP,ELITEDESK-VZ-0201,Desktop,Intel Core i7-8700,16384,512,Windows 11 Pro,WORKGROUP,Vélizy,Bâtiment A,Salle 137,02:00:00:62:C2:62,2018-08-02,2021-08-01
4649548,ProDesk 400 G4,HPYM8JMSV2,HP,PRODESK-VZ-0202,Desktop,Intel Core i5-7500,16384,1024,Windows 11 Pro,ADM.UVSQ,Vélizy,INFO,Bureau 222,02:00:00:12:A9:A0,2021-04-12,2024-04-11
9040117,All-in-One 24-df,HPYL9Z5NDX,HP,ALLINONE-VZ-0203,AiO,Intel Core i7-8650U,4096,256,Windows 11 Pro,ADM.UVSQ,Vélizy,Bâtiment A,Salle 123,02:00:00:23:B6:56,2024-01-23,2029-01-21
2498083,OptiPlex 7050,DLYJNBVXXJ,Dell,OPTIPLEX-RB-0204,Desktop,Intel Core i5-7500,8192,256,Windows 10 Edu,PEDA.UVSQ,Rambouillet,Bâtiment A,Salle 151,02:00:00:61:86:AB,2017-04-13,2021-04-12
2104372,OptiPlex 9020,DLJ4EUCJHD,Dell,OPTIPLEX-VZ-0205,Desktop,Intel Core i7-8700,8192,512,Windows 10 Pro,ADM.UVSQ,Vélizy,MMI,Salle 101,02:00:00:23:AA:B9,2024-12-05,2029-12-04
4404272,OptiPlex 7060,DLGAZC8RJV,Dell,OPTIPLEX-VZ-0206,Desktop,Intel Core i5-6500,8192,1024,Windows 11 Pro,ADM.UVSQ,Vélizy,MMI,Salle 122,02:00:00:4A:17:1F,2024-10-26,2028-10-25
6263160,ProOne 600 G5 AiO,HPSXHH5V29,HP,PROONE-VZ-0207,AiO,Intel Core i7-8700,32768,512,Windows 10 Pro,ADM.UVSQ,Vélizy,INFO,Bureau 219,02:00:00:5F:CB:91,2020-11-16,2024-11-15
1733506,Latitude 5490,DLZWJU9JAF,Dell,LATITUDE-VZ-0208,Laptop,Intel Core i5-7500,8192,256,Windows 11 Edu,ADM.UVSQ,Vélizy,GEII,Bureau 202,02:00:00:42:66:79,2024-12-30,2029-12-29
8727914,ProOne 600 G5 AiO,HPPD34QY7V,HP,PROONE-RB-0209,AiO,Intel Core i5-8250U,16384,1024,Windows 10 Pro,WORKGROUP,Rambouillet,Bâtiment A,Salle 116,02:00:00:49:D1:51,2020-09-27,2023-09-27
2699328,OptiPlex 7060,DLCXKA4PEQ,Dell,OPTIPLEX-VZ-0210,Desktop,Intel Core i5-8250U,16384,256,Windows 11 Pro,WORKGROUP,Vélizy,Bâtiment B,Salle 101,02:00:00:4B:BE:4E,2019-10-05,2022-10-04
9586777,OptiPlex 7060,DLZFWWWVYN,Dell,OPTIPLEX-RB-0211,Desktop,Intel Core i5-6500,32768,1024,Windows 10 Pro,PEDA.UVSQ,Rambouillet,MMI,Bureau 205,02:00:00:41:6E:CF,2021-06-14,2024-06-13
4927921,OptiPlex 7060,DLQVRT5A7A,Dell,OPTIPLEX-VZ-0212,Desktop,Intel Core i7-8700,8192,512,Windows 10 Pro,WORKGROUP,Vélizy,Bâtiment B,Salle 118,02:00:00:50:CC:73,2017-05-24,2022-05-23
6222955,OptiPlex 7060,DL6QEGSCUK,Dell,OPTIPLEX-VZ-0213,Desktop,Intel Core i7-8650U,8192,256,Windows 11 Edu,PEDA.UVSQ,Vélizy,INFO,Salle 146,02:00:00:35:F1:52,2020-07-28,2023-07-28
5955462,EliteDesk 800 G3,HPYZNACTSV,HP,ELITEDESK-RB-0214,Desktop,Intel Core i5-6500,32768,1024,Windows 11 Edu,WORKGROUP,Rambouillet,Bâtiment A,Bureau 218,02:00:00:0A:C4:2B,2022-06-11,2026-06-10
1441975,OptiPlex 7060,DLAPEDPCGP,Dell,OPTIPLEX-RB-0215,Desktop,Intel Core i5-7500,32768,256,Windows 10 Pro,ADM.UVSQ,Rambouillet,Bâtiment A,Bureau 203,02:00:00:47:9B:24,2017-08-07,2021-08-06
3768893,Latitude 5490,DL4X53R3CR,Dell,LATITUDE-VZ-0216,Laptop,Intel Core i7-8700,8192,1024,Windows 11 Edu,WORKGROUP,Vélizy,Bâtiment A,Salle 122,02:00:00:02:5A:6A,2022-12-21,2027-12-20
2694577,OptiPlex 7050,DL5WJFZDHC,Dell,OPTIPLEX-VZ-0217,Desktop,Intel Core i5-8250U,16384,512,Windows 11 Edu,ADM.UVSQ,Vélizy,R&T,Salle 124,02:00:00:70:3D:68,2019-11-10,2024-11-08
3884104,ThinkPad T480,LNFPYGWTXQ,Lenovo,THINKPAD-VZ-0218,Laptop,Intel Core i5-6500,4096,1024,Windows 10 Edu,PEDA.UVSQ,Vélizy,GEII,Bureau 201,02:00:00:17:26:91,2021-12-17,2024-12-16
1595857,ThinkCentre M910,LNF62EMSXD,Lenovo,THINKCENTRE-RB-0219,Desktop,Intel Core i7-8700,4096,256,Windows 10 Pro,ADM.UVSQ,Rambouillet,Bâtiment A,Salle 141,02:00:00:4F:34:11,2019-11-10,2024-11-08
6923606,ProDesk 400 G4,HP8P7G7K48,HP,PRODESK-RB-0220,Desktop,Intel Core i7-8650U,32768,1024,Windows 11 Pro,ADM.UVSQ,Rambouillet,GEII,Salle 131,02:00:00:7C:BA:C0,2023-10-17,2026-10-16
7758174,Latitude 5490,DLGB8A7FXQ,Dell,LATITUDE-RB-0221,Laptop,Intel Core i7-8700,16384,1024,Windows 10 Edu,ADM.UVSQ,Rambouillet,R&T,Salle 152,02:00:00:7B:B8:59,2022-12-23,2026-12-22
5840630,Latitude 5490,DL5L3BFT7Z,Dell,LATITUDE-RB-0222,Laptop,Intel Core i5-10400,4096,512,Windows 10 Pro,WORKGROUP,Rambouillet,Bâtiment A,Bureau 201,02:00:00:47:F1:F2,2018-08-15,2023-08-14
1249962,ThinkCentre M910,LN5RKU8NWJ,Lenovo,THINKCENTRE-VZ-0223,Desktop,Intel Core i7-8700,32768,512,Windows 10 Edu,PEDA.UVSQ,Vélizy,INFO,Bureau 223,02:00:00:25:B0:39,2023-04-20,2026-04-19
1925448,OptiPlex 9020,DLWAGL5P5T,Dell,OPTIPLEX-RB-0224,Desktop,Intel Core i7-8650U,8192,256,Windows 11 Edu,ADM.UVSQ,Rambouillet,GEII,Salle 105,02:00:00:7A:AF:DE,2023-10-10,2027-10-09
4016647,OptiPlex 7070,DLF4WF7DL2,Dell,OPTIPLEX-RB-0225,Desktop,Intel Core i5-8250U,32768,256,Windows 10 Pro,PEDA.UVSQ,Rambouillet,INFO,Salle 101,02:00:00:2A:22:86,2024-12-19,2029-12-18
7153599,OptiPlex 7060,DL4Z5QN922,Dell,OPTIPLEX-RB-0226,Desktop,Intel Core i5-6500,32768,256,Windows 11 Pro,PEDA.UVSQ,Rambouillet,Bâtiment A,Salle 117,02:00:00:76:97:75,2017-04-01,2022-03-31
3185708,OptiPlex 7070,DLM4Y5A5K9,Dell,OPTIPLEX-RB-0227,Desktop,Intel Core i5-10400,32768,512,Windows 11 Edu,PEDA.UVSQ,Rambouillet,Bâtiment B,Salle 142,02:00:00:57:34:32,2024-02-15,2029-02-13
2776682,OptiPlex 7050,DLZLBHJ2ET,Dell,OPTIPLEX-RB-0228,Desktop,Intel Core i5-6500,32768,512,Windows 11 Edu,WORKGROUP,Rambouillet,Bâtiment A,Salle 150,02:00:00:54:F5:5A,2019-01-09,2024-01-08
7281877,OptiPlex 7060,DL834VUNJW,Dell,OPTIPLEX-RB-0229,Desktop,Intel Core i5-6500,32768,256,Windows 10 Pro,ADM.UVSQ,Rambouillet,GEII,Bureau 210,02:00:00:6A:FB:47,2022-12-04,2026-12-03
8926916,OptiPlex 7050,DL6DURR4M5,Dell,OPTIPLEX-VZ-0230,Desktop,Intel Core i7-8650U,4096,256,Windows 11 Pro,WORKGROUP,Vélizy,Bâtiment A,Salle 135,02:00:00:09:28:30,2021-12-03,2025-12-02
4896881,OptiPlex 9020,DLDSCCRBX6,Dell,OPTIPLEX-RB-0231,Desktop,Intel Core i5-7500,4096,256,Windows 11 Edu,WORKGROUP,Rambouillet,INFO,Salle 141,02:00:00:7D:6F:8A,2023-10-06,2026-10-05
5655052,OptiPlex 7070,DLPHFMVGYN,Dell,OPTIPLEX-RB-0232,Desktop,Intel Core i7-8650U,4096,256,Windows 11 Pro,ADM.UVSQ,Rambouillet,Bâtiment B,Salle 145,02:00:00:0E:2B:87,2020-03-22,2024-03-21
7520525,OptiPlex 7060,DL7XMWAR4H,Dell,OPTIPLEX-VZ-0233,Desktop,Intel Core i7-8650U,32768,1024,Windows 10 Edu,PEDA.UVSQ,Vélizy,MMI,Salle 111,02:00:00:09:88:E0,2021-03-19,2025-03-18
9544988,ProDesk 400 G4,HPBEBG3F3E,HP,PRODESK-RB-0234,Desktop,Intel Core i5-7500,4096,1024,Windows 11 Edu,ADM.UVSQ,Rambouillet,Bâtiment A,Salle 128,02:00:00:03:5A:A3,2020-08-26,2024-08-25
2523827,ProOne 600 G5 AiO,HPN55TD4VP,HP,PROONE-VZ-0235,AiO,Intel Core i7-8650U,8192,256,Windows 11 Edu,ADM.UVSQ,Vélizy,R&T,Bureau 228,02:00:00:3B:F9:2D,2020-01-03,2024-01-02
4081323,OptiPlex 7060,DL7VYXYNNE,Dell,OPTIPLEX-VZ-0236,Desktop,Intel Core i5-8250U,8192,256,Windows 10 Pro,ADM.UVSQ,Vélizy,MMI,Salle 120,02:00:00:1F:9E:4B,2022-06-24,2026-06-23
4051081,OptiPlex 7050,DL7ZKDGUN5,Dell,OPTIPLEX-VZ-0237,Desktop,Intel Core i5-7500,32768,1024,Windows 11 Pro,ADM.UVSQ,Vélizy,Bâtiment A,Bureau 209,02:00:00:7F:40:16,2019-04-09,2022-04-08
4514473,ProDesk 600 G3,HPKDAHXHA6,HP,PRODESK-RB-0238,Desktop,Intel Core i5-8250U,32768,1024,Windows 10 Edu,WORKGROUP,Rambouillet,Bâtiment B,Salle 138,02:00:00:2C:B5:35,2020-03-29,2025-03-28
9364227,All-in-One 24-df,HPBU9RRNN8,HP,ALLINONE-VZ-0239,AiO,Intel Core i5-8250U,4096,1024,Windows 11 Pro,WORKGROUP,Vélizy,Bâtiment A,Bureau 222,02:00:00:72:4E:68,2023-05-17,2026-05-16
2465497,ProDesk 600 G3,HPN8WFWWUH,HP,PRODESK-RB-0240,Desktop,Intel Core i7-8650U,16384,512,Windows 11 Edu,ADM.UVSQ,Rambouillet,Bâtiment B,Bureau 226,02:00:00:60:3E:0B,2017-04-01,2022-03-31
8043316,OptiPlex 9020,DLKGJTK2YQ,Dell,OPTIPLEX-RB-0241,Desktop,Intel Core i5-6500,32768,512,Windows 10 Edu,PEDA.UVSQ,Rambouillet,INFO,Salle 156,02:00:00:6F:51:C2,2020-07-01,2023-07-01
2949416,ThinkCentre M720,LNHXLKSWMQ,Lenovo,THINKCENTRE-RB-0242,Desktop,Intel Core i5-10400,32768,1024,Windows 11 Pro,PEDA.UVSQ,Rambouillet,Bâtiment B,Salle 133,02:00:00:55:FA:7F,2019-03-16,2023-03-15
5314688,ProDesk 400 G4,HPZZ5TH9J2,HP,PRODESK-RB-0243,Desktop,Intel Core i5-8250U,16384,256,Windows 11 Edu,ADM.UVSQ,Rambouillet,INFO,Salle 130,02:00:00:14:41:83,2017-03-26,2020-03-25
9949825,ThinkCentre M720,LNNKYP8SA4,Lenovo,THINKCENTRE-RB-0244,Desktop,Intel Core i5-6500,16384,512,Windows 10 Edu,PEDA.UVSQ,Rambouillet,Bâtiment A,Bureau 219,02:00:00:20:65:87,2017-08-31,2021-08-30
8550812,ProDesk 600 G3,HPX3LTW67B,HP,PRODESK-RB-0245,Desktop,Intel Core i7-8700,8192,1024,Windows 11 Pro,WORKGROUP,Rambouillet,INFO,Bureau 204,02:00:00:16:77:48,2017-07-17,2022-07-16
7484075,ThinkCentre M910,LNUW6TD33L,Lenovo,THINKCENTRE-RB-0246,Desktop,Intel Core i5-10400,32768,1024,Windows 10 Pro,ADM.UVSQ,Rambouillet,Bâtiment B,Salle 115,02:00:00:07:B8:C2,2021-05-13,2024-05-12
9182894,OptiPlex 7070,DLKDPWVDWE,Dell,OPTIPLEX-RB-0247,Desktop,Intel Core i5-7500,16384,256,Windows 11 Pro,PEDA.UVSQ,Rambouillet,MMI,Salle 154,02:00:00:7F:CE:99,2017-09-16,2021-09-15
1277182,ProOne 600 G5 AiO,HPEMY7GQ8K,HP,PROONE-RB-0248,AiO,Intel Core i7-8650U,32768,1024,Windows 10 Edu,PEDA.UVSQ,Rambouillet,Bâtiment B,Salle 118,02:00:00:4F:8B:6F,2017-09-25,2022-09-24
3975747,OptiPlex 9020,DLRPTJTG4A,Dell,OPTIPLEX-VZ-0249,Desktop,Intel Core i5-6500,16384,512,Windows 11 Pro,ADM.UVSQ,Vélizy,Bâtiment B,Salle 133,02:00:00:13:C2:61,2024-04-11,2028-04-10
3303366,Latitude 5490,DLZR25FJZ2,Dell,LATITUDE-VZ-0250,Laptop,Intel Core i5-8250U,32768,512,Windows 10 Pro,ADM.UVSQ,Vélizy,GEII,Salle 136,02:00:00:35:14:8E,2018-08-20,2022-08-19
4037994,OptiPlex 7060,DLNYHZJGXB,Dell,OPTIPLEX-VZ-0251,Desktop,Intel Core i5-7500,4096,256,Windows 10 Pro,WORKGROUP,Vélizy,MMI,Salle 127,02:00:00:4E:0D:D4,2023-04-13,2026-04-12
6024702,ProOne 600 G5 AiO,HPRCPC42HW,HP,PROONE-RB-0252,AiO,Intel Core i7-8650U,4096,256,Windows 11 Pro,ADM.UVSQ,Rambouillet,INFO,Salle 136,02:00:00:24:4E:EC,2020-09-25,2024-09-24
1727552,All-in-One 24-df,HP4ELWXXTK,HP,ALLINONE-RB-0253,AiO,Intel Core i5-6500,8192,512,Windows 11 Edu,WORKGROUP,Rambouillet,GEII,Salle 107,02:00:00:77:01:AF,2020-03-13,2025-03-12
7681960,Latitude 5490,DLDGTMBDHJ,Dell,LATITUDE-RB-0254,Laptop,Intel Core i5-7500,16384,256,Windows 10 Edu,PEDA.UVSQ,Rambouillet,R&T,Salle 154,02:00:00:43:E8:AC,2018-12-13,2021-12-12
3922332,ProDesk 400 G4,HPRBW3C83N,HP,PRODESK-RB-0255,Desktop,Intel Core i5-10400,4096,512,Windows 10 Edu,ADM.UVSQ,Rambouillet,Bâtiment B,Salle 124,02:00:00:20:2B:1A,2021-06-24,2024-06-23
4713835,OptiPlex 9020,DLDSMZQRB4,Dell,OPTIPLEX-VZ-0256,Desktop,Intel Core i5-8250U,32768,256,Windows 10 Pro,PEDA.UVSQ,Vélizy,MMI,Bureau 210,02:00:00:71:94:CF,2018-09-25,2021-09-24
9940225,All-in-One 24-df,HP7JWTARMB,HP,ALLINONE-VZ-0257,AiO,Intel Core i7-8700,4096,1024,Windows 10 Edu,PEDA.UVSQ,Vélizy,INFO,Bureau 202,02:00:00:30:C7:EA,2020-01-13,2024-01-12
7383314,ProDesk 400 G4,HPNS2PG3TL,HP,PRODESK-RB-0258,Desktop,Intel Core i7-8650U,4096,1024,Windows 10 Edu,PEDA.UVSQ,Rambouillet,Bâtiment A,Salle 158,02:00:00:7A:6A:60,2024-07-07,2029-07-06
2239911,OptiPlex 7050,DL5NG2E4DN,Dell,OPTIPLEX-VZ-0259,Desktop,Intel Core i5-7500,4096,1024,Windows 11 Edu,ADM.UVSQ,Vélizy,Bâtiment B,Salle 129,02:00:00:1F:58:01,2017-03-28,2020-03-27
4194574,OptiPlex 7050,DL35ND6N6R,Dell,OPTIPLEX-RB-0260,Desktop,Intel Core i7-8700,8192,1024,Windows 11 Edu,WORKGROUP,Rambouillet,MMI,Bureau 219,02:00:00:0B:52:EB,2022-09-01,2025-08-31
1963181,OptiPlex 7070,DLBNGMKZL5,Dell,OPTIPLEX-VZ-0261,Desktop,Intel Core i5-7500,4096,512,Windows 11 Edu,PEDA.UVSQ,Vélizy,Bâtiment B,Salle 149,02:00:00:79:62:50,2022-08-31,2026-08-30
5308046,Latitude 5490,DLP3D8RTHQ,Dell,LATITUDE-VZ-0262,Laptop,Intel Core i7-8650U,32768,1024,Windows 10 Edu,PEDA.UVSQ,Vélizy,Bâtiment A,Bureau 219,02:00:00:23:A5:67,2018-08-04,2021-08-03
7496029,OptiPlex 7060,DLT9ZJBZWK,Dell,OPTIPLEX-VZ-0263,Desktop,Intel Core i7-8700,8192,1024,Windows 10 Pro,WORKGROUP,Vélizy,Bâtiment B,Bureau 209,02:00:00:48:4D:07,2021-07-21,2024-07-20
8674501,ProOne 600 G5 AiO,HPUNTDFYPS,HP,PROONE-RB-0264,AiO,Intel Core i5-8250U,32768,256,Windows 11 Pro,ADM.UVSQ,Rambouillet,INFO,Salle 108,02:00:00:07:C6:17,2024-02-15,2029-02-13
5669746,OptiPlex 9020,DL7M962J3Y,Dell,OPTIPLEX-RB-0265,Desktop,Intel Core i5-7500,4096,512,Windows 11 Pro,WORKGROUP,Rambouillet,Bâtiment B,Salle 120,02:00:00:20:CE:F5,2017-09-12,2022-09-11
8216239,All-in-One 24-df,HP74TWGUWC,HP,ALLINONE-VZ-0266,AiO,Intel Core i5-8250U,4096,512,Windows 10 Pro,WORKGROUP,Vélizy,Bâtiment B,Salle 125,02:00:00:38:90:E6,2018-08-29,2023-08-28
3466967,OptiPlex 7070,DLTDRHFZEQ,Dell,OPTIPLEX-RB-0267,Desktop,Intel Core i7-8700,16384,512,Windows 10 Edu,ADM.UVSQ,Rambouillet,GEII,Salle 128,02:00:00:49:01:80,2023-06-02,2026-06-01
1994671,OptiPlex 7050,DL7X7BTLYJ,Dell,OPTIPLEX-RB-0268,Desktop,Intel Core i5-10400,16384,256,Windows 11 Edu,PEDA.UVSQ,Rambouillet,Bâtiment B,Bureau 219,02:00:00:04:ED:76,2019-06-17,2022-06-16
6433110,ProDesk 600 G3,HP9DH7FQKN,HP,PRODESK-VZ-0269,Desktop,Intel Core i7-8700,8192,256,Windows 11 Pro,ADM.UVSQ,Vélizy,INFO,Bureau 201,02:00:00:1C:27:02,2018-04-22,2023-04-21
2231223,All-in-One 24-df,HP8LMR49A6,HP,ALLINONE-RB-0270,AiO,Intel Core i7-8650U,32768,1024,Windows 10 Edu,WORKGROUP,Rambouillet,Bâtiment A,Bureau 206,02:00:00:09:D5:BE,2017-11-17,2022-11-16
9622430,OptiPlex 9020,DLBQ8FME8J,Dell,OPTIPLEX-RB-0271,Desktop,Intel Core i5-7500,32768,256,Windows 10 Pro,ADM.UVSQ,Rambouillet,GEII,Salle 120,02:00:00:49:DB:AA,2020-01-23,2023-01-22
9727364,All-in-One 24-df,HP87G7R3CA,HP,ALLINONE-RB-0272,AiO,Intel Core i5-6500,16384,256,Windows 10 Pro,WORKGROUP,Rambouillet,R&T,Bureau 224,02:00:00:51:2F:85,2017-09-28,2021-09-27
7146798,OptiPlex 7050,DL5JGXW6XY,Dell,OPTIPLEX-VZ-0273,Desktop,Intel Core i7-8700,16384,256,Windows 11 Pro,PEDA.UVSQ,Vélizy,R&T,Bureau 218,02:00:00:28:7C:EE,2022-11-26,2026-11-25
6615355,EliteDesk 800 G3,HPRU3L3BD3,HP,ELITEDESK-VZ-0274,Desktop,Intel Core i7-8650U,4096,512,Windows 10 Pro,WORKGROUP,Vélizy,INFO,Bureau 208,02:00:00:27:D7:17,2022-04-27,2026-04-26
2775994,OptiPlex 7050,DLGS7Y8ES7,Dell,OPTIPLEX-RB-0275,Desktop,Intel Core i7-8700,32768,256,Windows 11 Pro,WORKGROUP,Rambouillet,R&T,Salle 134,02:00:00:5A:69:D8,2023-09-14,2028-09-12
9230679,ProDesk 400 G4,HPNPNL4VSG,HP,PRODESK-VZ-0276,Desktop,Intel Core i7-8700,4096,256,Windows 10 Edu,PEDA.UVSQ,Vélizy,MMI,Salle 133,02:00:00:40:54:25,2019-01-28,2022-01-27
1612996,OptiPlex 9020,DL5Z8J7XPB,Dell,OPTIPLEX-RB-0277,Desktop,Intel Core i5-10400,4096,256,Windows 10 Pro,ADM.UVSQ,Rambouillet,R&T,Bureau 216,02:00:00:5B:FC:1D,2018-08-01,2022-07-31
7701290,OptiPlex 7060,DL2QZJDECP,Dell,OPTIPLEX-RB-0278,Desktop,Intel Core i5-10400,16384,512,Windows 10 Edu,ADM.UVSQ,Rambouillet,INFO,Salle 106,02:00:00:5A:DE:0A,2018-06-20,2023-06-19
8135114,OptiPlex 9020,DLUCUUJ5HJ,Dell,OPTIPLEX-RB-0279,Desktop,Intel Core i7-8700,4096,256,Windows 11 Edu,WORKGROUP,Rambouillet,R&T,Bureau 206,02:00:00:19:B5:0A,2017-08-21,2021-08-20
1913240,EliteDesk 800 G3,HP67JCVQY3,HP,ELITEDESK-VZ-0280,Desktop,Intel Core i7-8700,4096,256,Windows 11 Pro,WORKGROUP,Vélizy,Bâtiment B,Salle 134,02:00:00:19:A0:A2,2017-07-11,2021-07-10
7401712,ProDesk 400 G4,HPKW8W2YHJ,HP,PRODESK-VZ-0281,Desktop,Intel Core i5-8250U,4096,1024,Windows 10 Pro,PEDA.UVSQ,Vélizy,Bâtiment B,Salle 142,02:00:00:4B:02:79,2017-12-15,2022-12-14
1946093,OptiPlex 7050,DLA5TSXQRD,Dell,OPTIPLEX-RB-0282,Desktop,Intel Core i7-8650U,8192,512,Windows 11 Pro,ADM.UVSQ,Rambouillet,INFO,Salle 119,02:00:00:21:43:80,2024-01-27,2027-01-26
6693553,OptiPlex 9020,DL7TXEXZVE,Dell,OPTIPLEX-VZ-0283,Desktop,Intel Core i7-8650U,4096,512,Windows 11 Edu,WORKGROUP,Vélizy,MMI,Bureau 205,02:00:00:79:F9:F0,2017-10-23,2021-10-22
3225459,EliteDesk 800 G3,HPLCA6NS3X,HP,ELITEDESK-RB-0284,Desktop,Intel Core i7-8650U,8192,1024,Windows 10 Pro,PEDA.UVSQ,Rambouillet,MMI,Salle 112,02:00:00:5E:90:A2,2020-06-04,2023-06-04
9143430,Latitude 5490,DL8TYB5BRK,Dell,LATITUDE-RB-0285,Laptop,Intel Core i5-8250U,4096,1024,Windows 10 Edu,WORKGROUP,Rambouillet,Bâtiment B,Salle 131,02:00:00:3D:CE:DE,2024-10-20,2028-10-19
7733884,ProDesk 600 G3,HP28L96BPB,HP,PRODESK-VZ-0286,Desktop,Intel Core i7-8650U,4096,1024,Windows 11 Edu,WORKGROUP,Vélizy,Bâtiment A,Salle 104,02:00:00:1F:D4:8E,2019-02-02,2022-02-01
5014621,OptiPlex 7070,DLB95QM5ZY,Dell,OPTIPLEX-VZ-0287,Desktop,Intel Core i7-8700,4096,512,Windows 10 Edu,PEDA.UVSQ,Vélizy,Bâtiment B,Salle 106,02:00:00:16:E4:6D,2022-02-03,2027-02-02
2432034,Latitude 5490,DLZULKNXKY,Dell,LATITUDE-VZ-0288,Laptop,Intel Core i5-10400,16384,1024,Windows 11 Pro,PEDA.UVSQ,Vélizy,INFO,Salle 158,02:00:00:71:7B:94,2020-12-12,2024-12-11
1264400,OptiPlex 7070,DLEJCNPYU5,Dell,OPTIPLEX-RB-0289,Desktop,Intel Core i5-8250U,32768,512,Windows 11 Pro,ADM.UVSQ,Rambouillet,Bâtiment A,Salle 119,02:00:00:74:58:61,2017-07-11,2020-07-10
4030540,OptiPlex 7060,DLMVBB8ZNR,Dell,OPTIPLEX-VZ-0290,Desktop,Intel Core i5-10400,4096,256,Windows 11 Edu,PEDA.UVSQ,Vélizy,Bâtiment B,Bureau 211,02:00:00:46:75:75,2020-05-27,2024-05-26
7031184,OptiPlex 7060,DLPZ7LD92N,Dell,OPTIPLEX-VZ-0291,Desktop,Intel Core i7-8650U,32768,256,Windows 10 Edu,PEDA.UVSQ,Vélizy,GEII,Bureau 211,02:00:00:21:97:DA,2024-07-17,2027-07-17
1153413,ThinkPad T480,LNBSKTNNPF,Lenovo,THINKPAD-RB-0292,Laptop,Intel Core i7-8700,32768,1024,Windows 11 Edu,PEDA.UVSQ,Rambouillet,Bâtiment B,Salle 156,02:00:00:63:E0:C8,2022-01-31,2026-01-30
3043830,ThinkPad T480,LN4UG79XPQ,Lenovo,THINKPAD-RB-0293,Laptop,Intel Core i5-10400,4096,1024,Windows 11 Edu,PEDA.UVSQ,Rambouillet,MMI,Bureau 217,02:00:00:77:23:94,2017-07-20,2022-07-19
3142197,OptiPlex 7060,DLDT3FXG7B,Dell,OPTIPLEX-RB-0294,Desktop,Intel Core i7-8650U,8192,256,Windows 10 Edu,ADM.UVSQ,Rambouillet,R&T,Bureau 214,02:00:00:2D:D4:32,2017-04-08,2020-04-07
2859087,OptiPlex 7050,DLE22UJ4LN,Dell,OPTIPLEX-RB-0295,Desktop,Intel Core i7-8700,32768,256,Windows 11 Pro,ADM.UVSQ,Rambouillet,R&T,Salle 118,02:00:00:73:B3:CE,2021-09-12,2025-09-11
8643877,ProDesk 400 G4,HPDDQ4WEW3,HP,PRODESK-VZ-0296,Desktop,Intel Core i5-10400,16384,512,Windows 11 Pro,ADM.UVSQ,Vélizy,Bâtiment A,Salle 119,02:00:00:0B:2B:F0,2024-07-09,2027-07-09
1947048,All-in-One 24-df,HP4U9S2YCD,HP,ALLINONE-RB-0297,AiO,Intel Core i5-6500,8192,1024,Windows 11 Pro,PEDA.UVSQ,Rambouillet,INFO,Bureau 225,02:00:00:18:2F:CD,2019-01-03,2022-01-02
6881538,OptiPlex 7050,DL2KPHBQ66,Dell,OPTIPLEX-VZ-0298,Desktop,Intel Core i5-8250U,8192,512,Windows 11 Pro,PEDA.UVSQ,Vélizy,Bâtiment A,Salle 159,02:00:00:16:8D:04,2020-10-20,2024-10-19
1386907,Latitude 5490,DLLSULZ4AJ,Dell,LATITUDE-VZ-0299,Laptop,Intel Core i5-7500,32768,1024,Windows 10 Pro,ADM.UVSQ,Vélizy,GEII,Salle 155,02:00:00:71:98:E8,2017-10-13,2020-10-12
4200996,OptiPlex 7050,DLTW28HEL4,Dell,OPTIPLEX-RB-0300,Desktop,Intel Core i5-8250U,16384,1024,Windows 10 Pro,ADM.UVSQ,Rambouillet,R&T,Salle 101,02:00:00:2A:E0:E9,2017-04-13,2020-04-12
4376662,ThinkPad T480,LNRU7TE8QE,Lenovo,THINKPAD-VZ-0301,Laptop,Intel Core i5-7500,32768,1024,Windows 11 Edu,PEDA.UVSQ,Vélizy,Bâtiment A,Salle 153,02:00:00:55:94:9F,2024-07-09,2027-07-09
7311054,ThinkPad T480,LN76VQ6SQX,Lenovo,THINKPAD-RB-0302,Laptop,Intel Core i5-7500,4096,512,Windows 10 Edu,WORKGROUP,Rambouillet,GEII,Bureau 229,02:00:00:45:27:11,2018-07-06,2023-07-05
2712479,ThinkCentre M910,LNQPVQUCTD,Lenovo,THINKCENTRE-RB-0303,Desktop,Intel Core i5-10400,32768,512,Windows 11 Pro,PEDA.UVSQ,Rambouillet,R&T,Salle 116,02:00:00:23:8A:32,2019-03-12,2024-03-10
9923023,ThinkPad T480,LNG7T29DEU,Lenovo,THINKPAD-VZ-0304,Laptop,Intel Core i7-8700,8192,512,Windows 10 Pro,ADM.UVSQ,Vélizy,R&T,Bureau 218,02:00:00:2E:0C:5D,2020-09-14,2023-09-14
4488261,Latitude 5490,DLJ8FGE8CV,Dell,LATITUDE-VZ-0305,Laptop,Intel Core i5-7500,16384,512,Windows 10 Edu,ADM.UVSQ,Vélizy,INFO,Salle 105,02:00:00:5A:A8:FB,2021-03-07,2025-03-06
7251565,ProDesk 400 G4,HPUHZ868NA,HP,PRODESK-RB-0306,Desktop,Intel Core i5-7500,32768,1024,Windows 10 Edu,WORKGROUP,Rambouillet,INFO,Salle 152,02:00:00:56:7F:7E,2021-06-27,2026-06-26
3302794,OptiPlex 9020,DL9U3VB5FQ,Dell,OPTIPLEX-VZ-0307,Desktop,Intel Core i7-8700,16384,256,Windows 11 Pro,PEDA.UVSQ,Vélizy,Bâtiment B,Salle 106,02:00:00:74:AC:0C,2022-01-29,2027-01-28
6464526,Latitude 5490,DLKKPUFS74,Dell,LATITUDE-RB-0308,Laptop,Intel Core i7-8650U,32768,512,Windows 10 Pro,WORKGROUP,Rambouillet,R&T,Bureau 229,02:00:00:02:E7:F9,2023-11-13,2028-11-11
1737024,OptiPlex 7070,DLQYESRSGF,Dell,OPTIPLEX-RB-0309,Desktop,Intel Core i5-8250U,4096,512,Windows 11 Edu,ADM.UVSQ,Rambouillet,INFO,Bureau 219,02:00:00:09:7B:F9,2021-01-12,2025-01-11
7090525,All-in-One 24-df,HP8EPFXR4M,HP,ALLINONE-RB-0310,AiO,Intel Core i5-6500,32768,1024,Windows 11 Edu,ADM.UVSQ,Rambouillet,GEII,Bureau 202,02:00:00:4A:D1:8B,2019-05-27,2022-05-26
3872739,OptiPlex 7060,DLMDM35L7Z,Dell,OPTIPLEX-VZ-0311,Desktop,Intel Core i5-6500,4096,512,Windows 10 Pro,PEDA.UVSQ,Vélizy,MMI,Salle 141,02:00:00:4C:9D:1F,2019-03-02,2022-03-01
5545725,OptiPlex 7070,DLAJXAMA2J,Dell,OPTIPLEX-VZ-0312,Desktop,Intel Core i5-6500,16384,256,Windows 11 Pro,ADM.UVSQ,Vélizy,INFO,Salle 151,02:00:00:45:86:1E,2017-08-01,2022-07-31
4387494,Latitude 5490,DLCWHB4QSE,Dell,LATITUDE-RB-0313,Laptop,Intel Core i5-8250U,32768,1024,Windows 11 Edu,PEDA.UVSQ,Rambouillet,GEII,Salle 149,02:00:00:30:31:FA,2022-08-25,2026-08-24
3499766,OptiPlex 7050,DLYRK78NPL,Dell,OPTIPLEX-RB-0314,Desktop,Intel Core i7-8700,4096,1024,Windows 11 Edu,ADM.UVSQ,Rambouillet,INFO,Salle 156,02:00:00:45:F8:EA,2022-04-22,2025-04-21
6982600,Latitude 5490,DLLS85A8UQ,Dell,LATITUDE-RB-0315,Laptop,Intel Core i5-8250U,16384,1024,Windows 11 Edu,ADM.UVSQ,Rambouillet,R&T,Salle 128,02:00:00:0F:50:22,2022-03-19,2026-03-18
6170351,ProDesk 400 G4,HPP8D2K5AR,HP,PRODESK-VZ-0316,Desktop,Intel Core i5-7500,8192,1024,Windows 10 Edu,WORKGROUP,Vélizy,MMI,Bureau 225,02:00:00:4C:ED:71,2020-02-17,2024-02-16
8656062,OptiPlex 9020,DLV86J6NHL,Dell,OPTIPLEX-RB-0317,Desktop,Intel Core i7-8650U,8192,512,Windows 11 Edu,WORKGROUP,Rambouillet,INFO,Salle 130,02:00:00:3E:A2:69,2020-02-01,2024-01-31
7000242,OptiPlex 7060,DL2M5SBBU7,Dell,OPTIPLEX-VZ-0318,Desktop,Intel Core i5-10400,4096,512,Windows 11 Edu,WORKGROUP,Vélizy,Bâtiment B,Bureau 221,02:00:00:53:2F:C6,2018-06-30,2021-06-29
8924077,OptiPlex 9020,DL9T6MWZUX,Dell,OPTIPLEX-VZ-0319,Desktop,Intel Core i5-7500,32768,1024,Windows 11 Edu,PEDA.UVSQ,Vélizy,Bâtiment B,Salle 106,02:00:00:33:AC:D0,2022-10-10,2026-10-09
9160979,ThinkCentre M720,LNPCF8MKET,Lenovo,THINKCENTRE-VZ-0320,Desktop,Intel Core i7-8650U,8192,512,Windows 10 Edu,PEDA.UVSQ,Vélizy,Bâtiment B,Salle 138,02:00:00:1E:6C:AA,2024-07-26,2029-07-25
3319326,OptiPlex 7050,DLCSRU89EL,Dell,OPTIPLEX-VZ-0321,Desktop,Intel Core i5-7500,8192,512,Windows 11 Pro,ADM.UVSQ,Vélizy,GEII,Bureau 213,02:00:00:6F:29:8F,2022-12-05,2027-12-04
4930194,Latitude 5490,DLV3FWSWXU,Dell,LATITUDE-RB-0322,Laptop,Intel Core i5-6500,16384,256,Windows 11 Edu,ADM.UVSQ,Rambouillet,MMI,Salle 158,02:00:00:78:46:00,2017-01-22,2021-01-21
4744324,ProDesk 400 G4,HP56ZJ82XF,HP,PRODESK-RB-0323,Desktop,Intel Core i7-8700,8192,1024,Windows 11 Pro,WORKGROUP,Rambouillet,R&T,Salle 133,02:00:00:4A:78:AE,2022-09-05,2025-09-04
2708075,OptiPlex 7060,DLQ7U9PRME,Dell,OPTIPLEX-VZ-0324,Desktop,Intel Core i7-8650U,8192,256,Windows 11 Pro,WORKGROUP,Vélizy,MMI,Salle 119,02:00:00:53:56:BC,2018-12-17,2023-12-16
5982241,ProOne 600 G5 AiO,HPVTEJMMBP,HP,PROONE-VZ-0325,AiO,Intel Core i5-10400,16384,1024,Windows 11 Pro,PEDA.UVSQ,Vélizy,R&T,Salle 159,02:00:00:65:E8:B5,2021-04-14,2025-04-13
7671533,OptiPlex 7050,DLKZEL8ZDL,Dell,OPTIPLEX-VZ-0326,Desktop,Intel Core i5-10400,8192,1024,Windows 11 Edu,PEDA.UVSQ,Vélizy,MMI,Salle 126,02:00:00:3C:A8:23,2019-09-04,2024-09-02
4208475,Latitude 5490,DL4VETQNBN,Dell,LATITUDE-VZ-0327,Laptop,Intel Core i5-7500,4096,1024,Windows 10 Edu,ADM.UVSQ,Vélizy,Bâtiment B,Bureau 227,02:00:00:7D:3A:3B,2020-03-17,2025-03-16
9629558,OptiPlex 7060,DLQ653JD7E,Dell,OPTIPLEX-RB-0328,Desktop,Intel Core i5-6500,8192,256,Windows 11 Edu,PEDA.UVSQ,Rambouillet,GEII,Bureau 216,02:00:00:26:98:A8,2021-11-19,2025-11-18
4078845,OptiPlex 7060,DLY3324HGF,Dell,OPTIPLEX-VZ-0329,Desktop,Intel Core i5-7500,8192,1024,Windows 11 Edu,WORKGROUP,Vélizy,R&T,Bureau 221,02:00:00:5D:FD:FF,2024-10-07,2029-10-06
9247496,OptiPlex 7060,DL4EB5NYNX,Dell,OPTIPLEX-RB-0330,Desktop,Intel Core i5-6500,16384,512,Windows 11 Edu,WORKGROUP,Rambouillet,Bâtiment B,Bureau 224,02:00:00:0A:FD:5D,2021-08-25,2024-08-24
1813380,ThinkPad T480,LN7L3PGRBD,Lenovo,THINKPAD-VZ-0331,Laptop,Intel Core i5-6500,32768,1024,Windows 11 Edu,PEDA.UVSQ,Vélizy,GEII,Salle 123,02:00:00:08:0C:DF,2018-11-22,2021-11-21
4341555,OptiPlex 7050,DLEAA558BV,Dell,OPTIPLEX-RB-0332,Desktop,Intel Core i5-8250U,32768,256,Windows 11 Pro,ADM.UVSQ,Rambouillet,GEII,Bureau 211,02:00:00:6F:F7:C6,2021-01-25,2026-01-24
7615030,OptiPlex 9020,DLDQBHHPVD,Dell,OPTIPLEX-VZ-0333,Desktop,Intel Core i7-8650U,4096,256,Windows 11 Pro,WORKGROUP,Vélizy,MMI,Bureau 219,02:00:00:53:5A:FA,2018-03-16,2022-03-15
2662526,All-in-One 24-df,HPPBUVJ4R5,HP,ALLINONE-RB-0334,AiO,Intel Core i5-7500,4096,256,Windows 11 Edu,WORKGROUP,Rambouillet,R&T,Salle 159,02:00:00:13:1C:2C,2024-05-09,2029-05-08
1462881,EliteDesk 800 G3,HPB9V2CSSA,HP,ELITEDESK-VZ-0335,Desktop,Intel Core i7-8700,16384,1024,Windows 10 Pro,PEDA.UVSQ,Vélizy,INFO,Salle 123,02:00:00:38:6F:51,2023-10-09,2026-10-08
3006982,ProDesk 400 G4,HPY7LYHJQF,HP,PRODESK-RB-0336,Desktop,Intel Core i7-8700,8192,512,Windows 10 Pro,WORKGROUP,Rambouillet,INFO,Bureau 201,02:00:00:68:D3:39,2020-10-18,2023-10-18
6009681,ThinkCentre M910,LNMCH8DZYK,Lenovo,THINKCENTRE-RB-0337,Desktop,Intel Core i5-10400,16384,1024,Windows 10 Edu,PEDA.UVSQ,Rambouillet,R&T,Salle 151,02:00:00:5A:65:A7,2024-04-01,2029-03-31
5095922,ThinkCentre M720,LN8XFM9Y8G,Lenovo,THINKCENTRE-RB-0338,Desktop,Intel Core i7-8650U,16384,512,Windows 11 Edu,WORKGROUP,Rambouillet,MMI,Salle 107,02:00:00:3E:64:6A,2024-04-20,2029-04-19
2943906,OptiPlex 7060,DL3GPYEWW8,Dell,OPTIPLEX-RB-0339,Desktop,Intel Core i5-6500,8192,1024,Windows 10 Edu,ADM.UVSQ,Rambouillet,R&T,Salle 141,02:00:00:3D:FE:0F,2018-01-14,2022-01-13
3980258,ThinkCentre M910,LNBDZVDVHC,Lenovo,THINKCENTRE-RB-0340,Desktop,Intel Core i7-8700,32768,512,Windows 11 Edu,PEDA.UVSQ,Rambouillet,INFO,Bureau 218,02:00:00:18:35:76,2020-07-09,2024-07-08
8622502,ProDesk 600 G3,HPJW2RPKL7,HP,PRODESK-VZ-0341,Desktop,Intel Core i7-8650U,16384,1024,Windows 10 Pro,WORKGROUP,Vélizy,INFO,Salle 159,02:00:00:46:D5:91,2019-08-14,2023-08-13
3700821,OptiPlex 7070,DLCBX3VKLT,Dell,OPTIPLEX-VZ-0342,Desktop,Intel Core i5-6500,32768,1024,Windows 11 Edu,WORKGROUP,Vélizy,Bâtiment B,Salle 125,02:00:00:48:F9:7B,2024-01-18,2027-01-17
4092261,OptiPlex 7050,DL2UZ8J3TG,Dell,OPTIPLEX-VZ-0343,Desktop,Intel Core i7-8650U,4096,1024,Windows 11 Pro,WORKGROUP,Vélizy,Bâtiment B,Bureau 214,02:00:00:76:D3:D5,2017-05-14,2021-05-13
7816618,OptiPlex 7070,DLD39XRQSQ,Dell,OPTIPLEX-RB-0344,Desktop,Intel Core i5-10400,32768,1024,Windows 10 Edu,PEDA.UVSQ,Rambouillet,Bâtiment B,Bureau 211,02:00:00:33:E7:25,2017-01-14,2022-01-13
1896650,ProDesk 400 G4,HPN7UHW4KX,HP,PRODESK-RB-0345,Desktop,Intel Core i5-7500,4096,1024,Windows 11 Edu,ADM.UVSQ,Rambouillet,Bâtiment A,Salle 135,02:00:00:6F:A4:DA,2018-02-27,2022-02-26
6365182,ProDesk 400 G4,HPT4269ETT,HP,PRODESK-VZ-0346,Desktop,Intel Core i5-6500,4096,1024,Windows 11 Edu,PEDA.UVSQ,Vélizy,R&T,Salle 144,02:00:00:7C:73:55,2022-08-06,2025-08-05
5929054,OptiPlex 7070,DLP3KQ2628,Dell,OPTIPLEX-VZ-0347,Desktop,Intel Core i5-7500,32768,512,Windows 10 Pro,WORKGROUP,Vélizy,INFO,Bureau 221,02:00:00:54:B7:55,2018-06-22,2021-06-21
1890549,Latitude 5490,DLJUBTR7NX,Dell,LATITUDE-VZ-0348,Laptop,Intel Core i7-8650U,4096,256,Windows 10 Pro,ADM.UVSQ,Vélizy,Bâtiment B,Salle 111,02:00:00:3C:40:A0,2019-09-16,2022-09-15
5603861,ProDesk 600 G3,HPWMZJGY84,HP,PRODESK-VZ-0349,Desktop,Intel Core i5-10400,4096,1024,Windows 10 Pro,ADM.UVSQ,Vélizy,INFO,Salle 153,02:00:00:23:05:B0,2022-09-06,2027-09-05
1191991,ThinkCentre M910,LN2S9FCDJH,Lenovo,THINKCENTRE-RB-0350,Desktop,Intel Core i5-6500,16384,1024,Windows 10 Edu,PEDA.UVSQ,Rambouillet,Bâtiment B,Salle 126,02:00:00:55:43:D2,2021-01-20,2024-01-20
8647344,OptiPlex 7050,DLYPSQCXS8,Dell,OPTIPLEX-RB-0351,Desktop,Intel Core i7-8700,8192,512,Windows 10 Pro,WORKGROUP,Rambouillet,MMI,Salle 129,02:00:00:2A:D4:F4,2024-04-04,2027-04-04
9946465,OptiPlex 7060,DLXMWTP9K4,Dell,OPTIPLEX-VZ-0352,Desktop,Intel Core i7-8650U,4096,1024,Windows 11 Pro,WORKGROUP,Vélizy,Bâtiment A,Bureau 216,02:00:00:67:00:56,2024-03-19,2028-03-18
6539436,All-in-One 24-df,HP8DSV5C4H,HP,ALLINONE-VZ-0353,AiO,Intel Core i5-10400,16384,512,Windows 10 Edu,ADM.UVSQ,Vélizy,MMI,Salle 117,02:00:00:1A:90:E0,2017-09-24,2021-09-23
4284664,OptiPlex 9020,DLWS8ZW4Q3,Dell,OPTIPLEX-VZ-0354,Desktop,Intel Core i7-8700,8192,1024,Windows 10 Edu,PEDA.UVSQ,Vélizy,Bâtiment B,Salle 159,02:00:00:4C:D3:FA,2020-12-28,2023-12-28
5050527,ProDesk 400 G4,HP82EHUGP7,HP,PRODESK-RB-0355,Desktop,Intel Core i7-8650U,8192,1024,Windows 11 Pro,ADM.UVSQ,Rambouillet,GEII,Salle 136,02:00:00:17:9A:BF,2023-07-18,2026-07-17
5022077,OptiPlex 7070,DLVS4SJDYE,Dell,OPTIPLEX-VZ-0356,Desktop,Intel Core i7-8700,32768,256,Windows 11 Edu,ADM.UVSQ,Vélizy,Bâtiment B,Bureau 211,02:00:00:42:67:D7,2020-09-21,2025-09-20
8839391,EliteDesk 800 G3,HP2MFN7FP8,HP,ELITEDESK-RB-0357,Desktop,Intel Core i5-10400,4096,512,Windows 10 Pro,PEDA.UVSQ,Rambouillet,INFO,Salle 133,02:00:00:24:8E:D1,2024-08-24,2028-08-23
5269431,OptiPlex 7050,DLXSUWULD2,Dell,OPTIPLEX-RB-0358,Desktop,Intel Core i5-10400,32768,1024,Windows 11 Pro,ADM.UVSQ,Rambouillet,R&T,Salle 144,02:00:00:4A:F5:05,2019-01-09,2022-01-08
9624694,OptiPlex 9020,DLY3EKPDHM,Dell,OPTIPLEX-VZ-0359,Desktop,Intel Core i7-8700,8192,1024,Windows 10 Edu,WORKGROUP,Vélizy,INFO,Salle 130,02:00:00:7A:47:3F,2018-09-21,2021-09-20
8489842,EliteDesk 800 G3,HP9LYWSV43,HP,ELITEDESK-VZ-0360,Desktop,Intel Core i7-8650U,8192,1024,Windows 10 Edu,PEDA.UVSQ,Vélizy,R&T,Salle 156,02:00:00:5B:1C:0C,2018-06-05,2021-06-04
7686428,Latitude 5490,DL7HC25P9K,Dell,LATITUDE-VZ-0361,Laptop,Intel Core i7-8650U,32768,512,Windows 10 Pro,PEDA.UVSQ,Vélizy,GEII,Bureau 224,02:00:00:1E:21:68,2022-05-03,2027-05-02
8729595,OptiPlex 7050,DLKNKD4E5B,Dell,OPTIPLEX-VZ-0362,Desktop,Intel Core i5-8250U,16384,1024,Windows 11 Edu,PEDA.UVSQ,Vélizy,INFO,Salle 109,02:00:00:7C:B3:D0,2020-12-07,2024-12-06
7151185,Latitude 5490,DLDNYPH3SZ,Dell,LATITUDE-RB-0363,Laptop,Intel Core i5-7500,8192,512,Windows 10 Edu,PEDA.UVSQ,Rambouillet,Bâtiment B,Salle 106,02:00:00:72:56:21,2018-02-27,2023-02-26
5854698,ProDesk 600 G3,HPX6TKCEKP,HP,PRODESK-VZ-0364,Desktop,Intel Core i5-8250U,32768,512,Windows 10 Edu,ADM.UVSQ,Vélizy,R&T,Salle 154,02:00:00:0F:07:23,2017-09-07,2022-09-06
3715423,OptiPlex 7070,DLKLXS4GVN,Dell,OPTIPLEX-RB-0365,Desktop,Intel Core i5-7500,8192,1024,Windows 11 Edu,PEDA.UVSQ,Rambouillet,R&T,Salle 109,02:00:00:54:76:27,2019-10-28,2022-10-27
3879659,OptiPlex 7050,DLWSEZKJ7S,Dell,OPTIPLEX-RB-0366,Desktop,Intel Core i5-6500,16384,512,Windows 11 Edu,ADM.UVSQ,Rambouillet,GEII,Bureau 207,02:00:00:60:C0:C7,2019-10-19,2023-10-18
2711403,Latitude 5490,DLPDWNLWEJ,Dell,LATITUDE-RB-0367,Laptop,Intel Core i7-8700,16384,256,Windows 10 Pro,PEDA.UVSQ,Rambouillet,R&T,Bureau 221,02:00:00:70:AF:C1,2021-02-09,2024-02-09
5556076,ProDesk 400 G4,HPTPCBKWNQ,HP,PRODESK-VZ-0368,Desktop,Intel Core i5-7500,8192,256,Windows 11 Pro,WORKGROUP,Vélizy,GEII,Salle 137,02:00:00:39:7B:D5,2018-12-23,2023-12-22
4581165,Latitude 5490,DLVBNQKQ6U,Dell,LATITUDE-VZ-0369,Laptop,Intel Core i7-8700,16384,512,Windows 11 Pro,WORKGROUP,Vélizy,Bâtiment B,Salle 144,02:00:00:19:BE:DE,2023-12-30,2028-12-28
7329622,Latitude 5490,DLRTRWCD5W,Dell,LATITUDE-RB-0370,Laptop,Intel Core i7-8650U,4096,512,Windows 10 Edu,WORKGROUP,Rambouillet,Bâtiment B,Salle 155,02:00:00:7C:09:80,2023-12-15,2027-12-14
2924350,ThinkPad T480,LN3H9D9JWV,Lenovo,THINKPAD-RB-0371,Laptop,Intel Core i5-10400,16384,512,Windows 11 Pro,PEDA.UVSQ,Rambouillet,Bâtiment B,Salle 105,02:00:00:1B:21:82,2018-11-26,2023-11-25
9872948,ThinkCentre M720,LNAFF5ZVUU,Lenovo,THINKCENTRE-RB-0372,Desktop,Intel Core i5-6500,8192,1024,Windows 11 Pro,ADM.UVSQ,Rambouillet,INFO,Salle 151,02:00:00:46:ED:50,2024-12-12,2027-12-12
5285236,OptiPlex 9020,DLSTR9CQ82,Dell,OPTIPLEX-RB-0373,Desktop,Intel Core i5-6500,8192,1024,Windows 10 Edu,PEDA.UVSQ,Rambouillet,Bâtiment B,Bureau 218,02:00:00:75:23:6B,2022-05-31,2025-05-30
4310508,Latitude 5490,DLX48PMYZ3,Dell,LATITUDE-VZ-0374,Laptop,Intel Core i5-6500,32768,1024,Windows 11 Edu,PEDA.UVSQ,Vélizy,R&T,Bureau 205,02:00:00:2C:6B:DE,2021-08-02,2025-08-01
5963773,ProDesk 600 G3,HP9DXA7M2K,HP,PRODESK-VZ-0375,Desktop,Intel Core i5-6500,16384,256,Windows 11 Edu,WORKGROUP,Vélizy,R&T,Bureau 215,02:00:00:1B:B7:4F,2018-06-06,2023-06-05
6450437,Latitude 5490,DLYMRWGWHY,Dell,LATITUDE-RB-0376,Laptop,Intel Core i7-8650U,32768,256,Windows 11 Pro,PEDA.UVSQ,Rambouillet,Bâtiment B,Bureau 201,02:00:00:72:23:2E,2022-12-13,2025-12-12
8738949,OptiPlex 7050,DLXR75P9HR,Dell,OPTIPLEX-RB-0377,Desktop,Intel Core i5-8250U,4096,1024,Windows 10 Edu,PEDA.UVSQ,Rambouillet,GEII,Salle 133,02:00:00:56:07:47,2024-11-09,2028-11-08
1851286,ProDesk 400 G4,HPG2R2EYXN,HP,PRODESK-RB-0378,Desktop,Intel Core i5-10400,4096,1024,Windows 11 Edu,WORKGROUP,Rambouillet,MMI,Salle 110,02:00:00:1C:A1:05,2024-08-29,2027-08-29
9029075,ProDesk 400 G4,HPBETHYJPV,HP,PRODESK-VZ-0379,Desktop,Intel Core i7-8700,32768,256,Windows 11 Edu,ADM.UVSQ,Vélizy,Bâtiment B,Salle 150,02:00:00:22:29:F9,2018-07-12,2023-07-11
1243968,OptiPlex 7070,DLS43YWRVW,Dell,OPTIPLEX-VZ-0380,Desktop,Intel Core i5-7500,16384,512,Windows 11 Pro,PEDA.UVSQ,Vélizy,Bâtiment B,Salle 152,02:00:00:1A:F6:5B,2019-06-07,2022-06-06
8406148,OptiPlex 9020,DLFCVPCUFY,Dell,OPTIPLEX-VZ-0381,Desktop,Intel Core i7-8650U,8192,256,Windows 10 Pro,ADM.UVSQ,Vélizy,R&T,Bureau 219,02:00:00:7E:A8:10,2023-08-20,2028-08-18
2032119,EliteDesk 800 G3,HPDERNPR4Q,HP,ELITEDESK-VZ-0382,Desktop,Intel Core i5-6500,32768,1024,Windows 10 Pro,WORKGROUP,Vélizy,INFO,Salle 143,02:00:00:1F:F0:31,2018-06-04,2023-06-03
4163376,OptiPlex 7050,DLNMB4A5HV,Dell,OPTIPLEX-RB-0383,Desktop,Intel Core i5-7500,8192,256,Windows 10 Pro,PEDA.UVSQ,Rambouillet,R&T,Salle 158,02:00:00:00:26:7A,2018-09-03,2021-09-02
6805781,ThinkCentre M720,LN56HKL4UV,Lenovo,THINKCENTRE-RB-0384,Desktop,Intel Core i5-6500,16384,1024,Windows 10 Pro,PEDA.UVSQ,Rambouillet,R&T,Salle 125,02:00:00:55:E0:5B,2021-11-09,2025-11-08
7241658,OptiPlex 7060,DL6G9UMCHS,Dell,OPTIPLEX-VZ-0385,Desktop,Intel Core i5-8250U,4096,512,Windows 10 Edu,ADM.UVSQ,Vélizy,Bâtiment A,Salle 127,02:00:00:29:8B:DC,2017-05-12,2021-05-11
8230596,ProDesk 600 G3,HPV8DYPV2P,HP,PRODESK-RB-0386,Desktop,Intel Core i7-8650U,8192,512,Windows 11 Pro,WORKGROUP,Rambouillet,INFO,Bureau 223,02:00:00:42:E8:BA,2018-02-25,2021-02-24
1044280,ThinkCentre M720,LNSQ8GE5ZX,Lenovo,THINKCENTRE-RB-0387,Desktop,Intel Core i5-7500,4096,256,Windows 11 Pro,PEDA.UVSQ,Rambouillet,R&T,Salle 146,02:00:00:03:89:01,2023-12-13,2028-12-11
7046739,Latitude 5490,DL5SZNYUX7,Dell,LATITUDE-VZ-0388,Laptop,Intel Core i7-8650U,4096,256,Windows 11 Edu,WORKGROUP,Vélizy,GEII,Salle 132,02:00:00:7D:09:F2,2017-12-13,2021-12-12
9801010,OptiPlex 7060,DLZK3HN5L2,Dell,OPTIPLEX-VZ-0389,Desktop,Intel Core i7-8650U,32768,256,Windows 10 Pro,PEDA.UVSQ,Vélizy,GEII,Salle 127,02:00:00:17:21:00,2018-09-28,2021-09-27
1225970,OptiPlex 7060,DLN4MR8PDG,Dell,OPTIPLEX-RB-0390,Desktop,Intel Core i7-8700,8192,1024,Windows 11 Pro,PEDA.UVSQ,Rambouillet,R&T,Bureau 217,02:00:00:1D:7A:CC,2017-12-23,2022-12-22
1575158,Latitude 5490,DLVED6UE5W,Dell,LATITUDE-RB-0391,Laptop,Intel Core i7-8650U,8192,256,Windows 11 Edu,PEDA.UVSQ,Rambouillet,Bâtiment B,Bureau 211,02:00:00:37:AE:30,2023-03-24,2028-03-22
6825475,OptiPlex 7070,DL5GWNW94C,Dell,OPTIPLEX-RB-0392,Desktop,Intel Core i5-6500,4096,512,Windows 10 Edu,ADM.UVSQ,Rambouillet,INFO,Salle 143,02:00:00:27:AD:D5,2017-06-07,2022-06-06
8583197,ProDesk 400 G4,HPSUM8KQAT,HP,PRODESK-VZ-0393,Desktop,Intel Core i7-8650U,16384,512,Windows 10 Pro,PEDA.UVSQ,Vélizy,GEII,Salle 116,02:00:00:51:D3:EC,2019-02-28,2024-02-27
1513885,OptiPlex 7050,DLPCYTBEHK,Dell,OPTIPLEX-RB-0394,Desktop,Intel Core i5-7500,4096,512,Windows 11 Edu,ADM.UVSQ,Rambouillet,R&T,Salle 104,02:00:00:6A:BA:D6,2022-07-28,2026-07-27
2804154,OptiPlex 7060,DLMB84C4EE,Dell,OPTIPLEX-RB-0395,Desktop,Intel Core i7-8700,8192,256,Windows 10 Pro,WORKGROUP,Rambouillet,GEII,Salle 110,02:00:00:1F:54:49,2024-11-04,2028-11-03
1035197,Latitude 5490,DLV2HW9W9F,Dell,LATITUDE-VZ-0396,Laptop,Intel Core i7-8650U,16384,256,Windows 10 Edu,PEDA.UVSQ,Vélizy,MMI,Salle 118,02:00:00:50:EC:51,2018-02-22,2023-02-21
2093698,ThinkPad T480,LNSKV6EKJD,Lenovo,THINKPAD-VZ-0397,Laptop,Intel Core i7-8650U,4096,256,Windows 10 Edu,ADM.UVSQ,Vélizy,INFO,Salle 144,02:00:00:1F:31:FB,2023-03-07,2027-03-06
3928687,ProDesk 400 G4,HPF878TV7U,HP,PRODESK-RB-0398,Desktop,Intel Core i7-8650U,16384,1024,Windows 11 Pro,ADM.UVSQ,Rambouillet,GEII,Salle 115,02:00:00:3D:EC:B0,2022-01-20,2027-01-19
9902712,ProDesk 600 G3,HP5HN8WUM6,HP,PRODESK-VZ-0399,Desktop,Intel Core i7-8650U,4096,1024,Windows 11 Pro,ADM.UVSQ,Vélizy,Bâtiment A,Salle 126,02:00:00:6C:AA:CB,2018-01-23,2021-01-22
2193667,OptiPlex 7070,DL8CCF3VDP,Dell,OPTIPLEX-RB-0400,Desktop,Intel Core i7-8650U,4096,512,Windows 10 Edu,ADM.UVSQ,Rambouillet,INFO,Bureau 204,02:00:00:33:AF:58,2024-09-29,2028-09-28
9366179,ProDesk 600 G3,HP2HDSAUH9,HP,PRODESK-VZ-0401,Desktop,Intel Core i5-6500,8192,256,Windows 10 Edu,ADM.UVSQ,Vélizy,MMI,Salle 146,02:00:00:41:7E:62,2017-06-08,2020-06-07
2084680,OptiPlex 7070,DLZCTD4MQ5,Dell,OPTIPLEX-VZ-0402,Desktop,Intel Core i7-8700,8192,1024,Windows 10 Pro,PEDA.UVSQ,Vélizy,Bâtiment B,Salle 110,02:00:00:4A:71:02,2024-08-01,2027-08-01
9841060,OptiPlex 7060,DL4N8NM8DY,Dell,OPTIPLEX-VZ-0403,Desktop,Intel Core i5-7500,4096,512,Windows 11 Edu,WORKGROUP,Vélizy,INFO,Salle 137,02:00:00:36:F8:DC,2018-10-04,2021-10-03
8861319,Latitude 5490,DL82SBYV9C,Dell,LATITUDE-RB-0404,Laptop,Intel Core i5-6500,4096,256,Windows 11 Pro,PEDA.UVSQ,Rambouillet,MMI,Bureau 217,02:00:00:3E:B2:8A,2021-01-11,2024-01-11
2796852,ProOne 600 G5 AiO,HPYK2UTUW8,HP,PROONE-RB-0405,AiO,Intel Core i5-6500,8192,256,Windows 11 Edu,PEDA.UVSQ,Rambouillet,Bâtiment B,Salle 135,02:00:00:38:B9:A6,2018-12-27,2023-12-26
7989434,ProOne 600 G5 AiO,HPKCNP2Y2K,HP,PROONE-VZ-0406,AiO,Intel Core i7-8650U,4096,512,Windows 10 Pro,PEDA.UVSQ,Vélizy,Bâtiment B,Salle 111,02:00:00:3F:48:BC,2024-10-28,2029-10-27
1086275,ProDesk 600 G3,HP2T47QGKD,HP,PRODESK-RB-0407,Desktop,Intel Core i5-10400,16384,256,Windows 10 Pro,WORKGROUP,Rambouillet,INFO,Salle 103,02:00:00:2F:E2:C2,2023-03-30,2026-03-29
6486269,ThinkCentre M910,LNG45SQZSR,Lenovo,THINKCENTRE-VZ-0408,Desktop,Intel Core i5-8250U,4096,512,Windows 10 Pro,WORKGROUP,Vélizy,Bâtiment B,Bureau 217,02:00:00:14:EF:A7,2017-05-25,2020-05-24
7122752,OptiPlex 7050,DLFXS5NFPB,Dell,OPTIPLEX-RB-0409,Desktop,Intel Core i5-8250U,4096,512,Windows 10 Edu,PEDA.UVSQ,Rambouillet,MMI,Salle 132,02:00:00:01:9B:62,2023-09-05,2027-09-04
3497528,OptiPlex 7070,DL9J5JH6HN,Dell,OPTIPLEX-RB-0410,Desktop,Intel Core i5-8250U,32768,1024,Windows 11 Pro,PEDA.UVSQ,Rambouillet,Bâtiment A,Salle 134,02:00:00:43:F0:A6,2020-12-24,2024-12-23
2225648,OptiPlex 7060,DLJRNYGZE5,Dell,OPTIPLEX-VZ-0411,Desktop,Intel Core i5-6500,32768,1024,Windows 11 Edu,PEDA.UVSQ,Vélizy,Bâtiment A,Salle 141,02:00:00:48:D1:04,2022-05-28,2026-05-27
5678748,ProDesk 400 G4,HPQXF8L329,HP,PRODESK-VZ-0412,Desktop,Intel Core i5-7500,16384,256,Windows 10 Edu,PEDA.UVSQ,Vélizy,MMI,Salle 112,02:00:00:70:AB:26,2024-06-21,2027-06-21
1418503,OptiPlex 7050,DLU6B3VZMQ,Dell,OPTIPLEX-VZ-0413,Desktop,Intel Core i7-8700,4096,1024,Windows 11 Edu,ADM.UVSQ,Vélizy,MMI,Salle 108,02:00:00:40:D9:AE,2018-06-27,2022-06-26
7050469,ProDesk 600 G3,HPXW79GAXV,HP,PRODESK-VZ-0414,Desktop,Intel Core i5-8250U,16384,1024,Windows 10 Edu,PEDA.UVSQ,Vélizy,MMI,Salle 146,02:00:00:56:AE:FB,2024-10-08,2028-10-07
2066407,OptiPlex 7070,DLL5ZSDDNX,Dell,OPTIPLEX-RB-0415,Desktop,Intel Core i7-8650U,16384,256,Windows 11 Edu,PEDA.UVSQ,Rambouillet,R&T,Bureau 206,02:00:00:15:B0:AB,2017-10-31,2022-10-30
3306489,Latitude 5490,DLQ5U3DD7H,Dell,LATITUDE-VZ-0416,Laptop,Intel Core i5-10400,32768,512,Windows 11 Edu,ADM.UVSQ,Vélizy,Bâtiment A,Salle 130,02:00:00:53:48:73,2022-02-28,2027-02-27
4457129,ProOne 600 G5 AiO,HPS642BXN6,HP,PROONE-VZ-0417,AiO,Intel Core i5-6500,4096,256,Windows 11 Pro,WORKGROUP,Vélizy,Bâtiment A,Salle 147,02:00:00:48:6F:68,2017-04-11,2022-04-10
7835353,OptiPlex 9020,DLWXLY9QA8,Dell,OPTIPLEX-RB-0418,Desktop,Intel Core i5-10400,4096,512,Windows 11 Edu,ADM.UVSQ,Rambouillet,MMI,Salle 150,02:00:00:2D:07:B8,2018-09-08,2023-09-07
1617621,ProDesk 600 G3,HPC3HMSH89,HP,PRODESK-RB-0419,Desktop,Intel Core i7-8650U,16384,1024,Windows 10 Edu,WORKGROUP,Rambouillet,Bâtiment B,Bureau 221,02:00:00:3E:DB:CD,2024-11-09,2029-11-08
2010305,ProDesk 400 G4,HP856LFK3E,HP,PRODESK-RB-0420,Desktop,Intel Core i5-10400,32768,1024,Windows 11 Pro,ADM.UVSQ,Rambouillet,Bâtiment A,Bureau 224,02:00:00:1C:DC:A3,2020-05-23,2025-05-22
5089678,ThinkPad T480,LNA7H8EEEL,Lenovo,THINKPAD-RB-0421,Laptop,Intel Core i7-8700,16384,512,Windows 10 Pro,ADM.UVSQ,Rambouillet,R&T,Salle 122,02:00:00:66:DF:0F,2023-01-27,2026-01-26
3671779,OptiPlex 7050,DLUMMR2SJK,Dell,OPTIPLEX-VZ-0422,Desktop,Intel Core i7-8700,8192,256,Windows 11 Edu,ADM.UVSQ,Vélizy,Bâtiment A,Salle 104,02:00:00:3D:76:0E,2020-12-16,2023-12-16
8679161,OptiPlex 7060,DLEVS4MFHZ,Dell,OPTIPLEX-VZ-0423,Desktop,Intel Core i5-6500,16384,1024,Windows 11 Edu,PEDA.UVSQ,Vélizy,R&T,Salle 115,02:00:00:6D:7C:86,2024-07-06,2029-07-05
1150232,OptiPlex 7070,DLJLB7XWZG,Dell,OPTIPLEX-RB-0424,Desktop,Intel Core i5-10400,4096,1024,Windows 11 Edu,WORKGROUP,Rambouillet,Bâtiment A,Salle 105,02:00:00:0A:B2:4E,2020-05-05,2024-05-04
1974284,ProDesk 600 G3,HP9KENU4SE,HP,PRODESK-VZ-0425,Desktop,Intel Core i7-8650U,8192,256,Windows 11 Pro,PEDA.UVSQ,Vélizy,INFO,Bureau 226,02:00:00:35:BB:A6,2023-07-03,2027-07-02
4972879,ThinkCentre M720,LN799W2JRP,Lenovo,THINKCENTRE-VZ-0426,Desktop,Intel Core i5-8250U,4096,512,Windows 10 Edu,PEDA.UVSQ,Vélizy,GEII,Bureau 224,02:00:00:75:B2:31,2019-04-30,2023-04-29
2134516,ProDesk 600 G3,HPSJUZ3DDH,HP,PRODESK-VZ-0427,Desktop,Intel Core i7-8700,16384,1024,Windows 11 Pro,PEDA.UVSQ,Vélizy,GEII,Bureau 202,02:00:00:07:2E:49,2018-06-03,2022-06-02
2038394,OptiPlex 7070,DLUN7W4AWC,Dell,OPTIPLEX-VZ-0428,Desktop,Intel Core i5-7500,4096,256,Windows 11 Pro,ADM.UVSQ,Vélizy,MMI,Bureau 222,02:00:00:5C:6B:8A,2017-11-18,2022-11-17
2326540,ProOne 600 G5 AiO,HPYAQPJDNR,HP,PROONE-RB-0429,AiO,Intel Core i7-8650U,4096,256,Windows 10 Pro,WORKGROUP,Rambouillet,R&T,Bureau 229,02:00:00:07:2F:F5,2021-08-04,2024-08-03
5133909,ProDesk 600 G3,HP9AHZFBHC,HP,PRODESK-VZ-0430,Desktop,Intel Core i5-8250U,16384,512,Windows 10 Pro,PEDA.UVSQ,Vélizy,R&T,Salle 141,02:00:00:09:79:46,2019-12-12,2023-12-11
6307572,OptiPlex 7050,DL88JFBYCY,Dell,OPTIPLEX-RB-0431,Desktop,Intel Core i5-7500,4096,256,Windows 11 Pro,ADM.UVSQ,Rambouillet,R&T,Salle 120,02:00:00:02:D1:D8,2024-02-23,2029-02-21
9632857,OptiPlex 7060,DLD6V8TW9D,Dell,OPTIPLEX-RB-0432,Desktop,Intel Core i5-8250U,16384,1024,Windows 11 Pro,ADM.UVSQ,Rambouillet,INFO,Salle 121,02:00:00:78:94:21,2019-05-23,2023-05-22
2981248,ProDesk 600 G3,HPB284GVDZ,HP,PRODESK-VZ-0433,Desktop,Intel Core i5-6500,16384,512,Windows 11 Edu,WORKGROUP,Vélizy,MMI,Bureau 217,02:00:00:3C:84:8C,2022-05-30,2027-05-29
5548353,OptiPlex 7050,DL5TLVP2X5,Dell,OPTIPLEX-VZ-0434,Desktop,Intel Core i5-10400,32768,256,Windows 11 Pro,WORKGROUP,Vélizy,R&T,Salle 127,02:00:00:0E:74:24,2024-11-07,2029-11-06
1089032,OptiPlex 7070,DLL2YBNUJP,Dell,OPTIPLEX-RB-0435,Desktop,Intel Core i7-8700,8192,512,Windows 10 Pro,WORKGROUP,Rambouillet,GEII,Salle 123,02:00:00:4E:9D:FE,2020-05-28,2023-05-28
6532003,OptiPlex 9020,DLXZLJWMVW,Dell,OPTIPLEX-VZ-0436,Desktop,Intel Core i5-10400,16384,512,Windows 10 Pro,PEDA.UVSQ,Vélizy,Bâtiment A,Salle 110,02:00:00:79:E3:42,2023-01-27,2026-01-26
8415894,ProDesk 400 G4,HP6HZFHYS6,HP,PRODESK-RB-0437,Desktop,Intel Core i7-8700,16384,1024,Windows 10 Edu,WORKGROUP,Rambouillet,Bâtiment B,Salle 159,02:00:00:1E:A1:D5,2021-03-04,2026-03-03
1650582,ThinkCentre M910,LNU3VMSVFX,Lenovo,THINKCENTRE-RB-0438,Desktop,Intel Core i5-7500,32768,1024,Windows 10 Pro,PEDA.UVSQ,Rambouillet,INFO,Salle 128,02:00:00:3D:8D:F2,2020-07-31,2024-07-30
2862839,OptiPlex 7050,DLNWS7ASYN,Dell,OPTIPLEX-VZ-0439,Desktop,Intel Core i5-7500,16384,512,Windows 11 Edu,ADM.UVSQ,Vélizy,MMI,Salle 105,02:00:00:72:39:FE,2019-07-04,2022-07-03
8947336,OptiPlex 7050,DL9BNP436N,Dell,OPTIPLEX-RB-0440,Desktop,Intel Core i5-8250U,4096,512,Windows 10 Edu,WORKGROUP,Rambouillet,Bâtiment B,Salle 154,02:00:00:3A:42:A6,2018-09-24,2023-09-23
4218773,ProDesk 400 G4,HPQX49JX3Z,HP,PRODESK-RB-0441,Desktop,Intel Core i5-10400,16384,256,Windows 11 Edu,ADM.UVSQ,Rambouillet,INFO,Bureau 219,02:00:00:6F:09:C4,2020-12-26,2023-12-26
2740911,ProDesk 400 G4,HPRYXDRWK6,HP,PRODESK-RB-0442,Desktop,Intel Core i7-8650U,32768,1024,Windows 11 Edu,PEDA.UVSQ,Rambouillet,INFO,Salle 138,02:00:00:31:95:9C,2019-11-10,2024-11-08
9744553,OptiPlex 7060,DL9MA4W3Z6,Dell,OPTIPLEX-VZ-0443,Desktop,Intel Core i5-10400,8192,1024,Windows 11 Pro,PEDA.UVSQ,Vélizy,Bâtiment A,Salle 114,02:00:00:6E:12:65,2020-04-05,2025-04-04
8264985,ProDesk 400 G4,HPKDAV6FQE,HP,PRODESK-RB-0444,Desktop,Intel Core i7-8650U,8192,1024,Windows 11 Pro,WORKGROUP,Rambouillet,Bâtiment A,Salle 110,02:00:00:4C:08:50,2021-11-29,2025-11-28
4310296,ThinkPad T480,LNLDRQTVM5,Lenovo,THINKPAD-RB-0445,Laptop,Intel Core i7-8700,8192,512,Windows 11 Pro,PEDA.UVSQ,Rambouillet,GEII,Salle 155,02:00:00:05:C2:9D,2024-05-10,2027-05-10
1011126,ProDesk 600 G3,HP2YDW8K5T,HP,PRODESK-RB-0446,Desktop,Intel Core i5-10400,32768,512,Windows 11 Edu,PEDA.UVSQ,Rambouillet,GEII,Bureau 204,02:00:00:66:F0:22,2022-12-03,2026-12-02
7008681,OptiPlex 7070,DLBC2FEDN8,Dell,OPTIPLEX-RB-0447,Desktop,Intel Core i5-8250U,8192,256,Windows 10 Pro,ADM.UVSQ,Rambouillet,MMI,Bureau 226,02:00:00:15:61:E4,2018-05-12,2023-05-11
9080875,OptiPlex 7060,DLF3LNABCS,Dell,OPTIPLEX-VZ-0448,Desktop,Intel Core i5-10400,4096,256,Windows 11 Edu,WORKGROUP,Vélizy,MMI,Bureau 205,02:00:00:35:E9:2A,2022-11-30,2025-11-29
7978376,All-in-One 24-df,HPDCQKCK5H,HP,ALLINONE-VZ-0449,AiO,Intel Core i5-10400,4096,512,Windows 11 Pro,PEDA.UVSQ,Vélizy,Bâtiment B,Bureau 204,02:00:00:58:CB:A1,2021-04-26,2026-04-25
5794185,All-in-One 24-df,HPGG6M5G2K,HP,ALLINONE-VZ-0450,AiO,Intel Core i7-8700,16384,256,Windows 10 Edu,PEDA.UVSQ,Vélizy,Bâtiment A,Salle 144,02:00:00:12:EF:1E,2021-02-18,2026-02-17
4535630,OptiPlex 7070,DLHPEPYWBR,Dell,OPTIPLEX-RB-0451,Desktop,Intel Core i5-7500,8192,512,Windows 10 Pro,WORKGROUP,Rambouillet,INFO,Bureau 212,02:00:00:06:8E:ED,2017-03-16,2021-03-15
3717485,OptiPlex 7070,DLD96N9F2R,Dell,OPTIPLEX-RB-0452,Desktop,Intel Core i5-6500,16384,256,Windows 10 Pro,PEDA.UVSQ,Rambouillet,Bâtiment B,Bureau 202,02:00:00:26:E4:F2,2022-09-20,2025-09-19
4424463,Latitude 5490,DL4YXG6X9H,Dell,LATITUDE-RB-0453,Laptop,Intel Core i5-7500,32768,1024,Windows 11 Edu,ADM.UVSQ,Rambouillet,MMI,Bureau 220,02:00:00:5A:F4:63,2021-08-10,2026-08-09
9651092,ProDesk 600 G3,HPGNCL8DMX,HP,PRODESK-RB-0454,Desktop,Intel Core i7-8700,32768,512,Windows 11 Edu,ADM.UVSQ,Rambouillet,R&T,Salle 123,02:00:00:42:7C:E0,2017-02-09,2020-02-09
6676293,OptiPlex 9020,DL75A6QHNW,Dell,OPTIPLEX-VZ-0455,Desktop,Intel Core i5-10400,32768,1024,Windows 11 Edu,PEDA.UVSQ,Vélizy,GEII,Salle 115,02:00:00:59:44:BC,2017-01-03,2021-01-02
7438983,ThinkPad T480,LN8334ZXXB,Lenovo,THINKPAD-VZ-0456,Laptop,Intel Core i5-7500,32768,256,Windows 10 Edu,ADM.UVSQ,Vélizy,MMI,Bureau 204,02:00:00:4E:52:A8,2019-09-09,2024-09-07
5064609,All-in-One 24-df,HPN3JF8X92,HP,ALLINONE-RB-0457,AiO,Intel Core i5-10400,4096,512,Windows 11 Pro,ADM.UVSQ,Rambouillet,Bâtiment B,Salle 104,02:00:00:23:52:35,2017-11-20,2021-11-19
3591809,OptiPlex 7060,DLK6HGDXSG,Dell,OPTIPLEX-VZ-0458,Desktop,Intel Core i5-7500,16384,256,Windows 11 Pro,ADM.UVSQ,Vélizy,MMI,Salle 129,02:00:00:4C:E9:57,2017-05-13,2020-05-12
5617180,OptiPlex 7060,DL4VXZ7G3S,Dell,OPTIPLEX-VZ-0459,Desktop,Intel Core i5-10400,4096,1024,Windows 10 Pro,PEDA.UVSQ,Vélizy,Bâtiment B,Salle 117,02:00:00:11:3A:07,2019-03-12,2023-03-11
5045869,ThinkCentre M720,LNCJNEQWEA,Lenovo,THINKCENTRE-VZ-0460,Desktop,Intel Core i5-8250U,8192,256,Windows 11 Edu,WORKGROUP,Vélizy,R&T,Salle 137,02:00:00:5D:C1:02,2018-12-13,2022-12-12
9040330,OptiPlex 7050,DL3JCMGB3V,Dell,OPTIPLEX-RB-0461,Desktop,Intel Core i5-7500,4096,256,Windows 10 Pro,ADM.UVSQ,Rambouillet,Bâtiment A,Salle 131,02:00:00:3A:7C:D0,2023-05-19,2027-05-18
5168081,All-in-One 24-df,HP5LM397KU,HP,ALLINONE-VZ-0462,AiO,Intel Core i5-7500,8192,256,Windows 11 Edu,PEDA.UVSQ,Vélizy,Bâtiment A,Salle 101,02:00:00:2C:59:74,2021-09-09,2026-09-08
8770653,Latitude 5490,DL6Y73N3VJ,Dell,LATITUDE-RB-0463,Laptop,Intel Core i7-8700,8192,1024,Windows 10 Edu,ADM.UVSQ,Rambouillet,MMI,Salle 117,02:00:00:2F:17:5F,2018-04-14,2023-04-13
3600280,OptiPlex 9020,DLN9WKRU72,Dell,OPTIPLEX-RB-0464,Desktop,Intel Core i5-6500,4096,256,Windows 11 Pro,WORKGROUP,Rambouillet,R&T,Salle 149,02:00:00:1C:6D:05,2018-03-24,2022-03-23
7923979,All-in-One 24-df,HPDQRZBBNT,HP,ALLINONE-VZ-0465,AiO,Intel Core i5-7500,16384,1024,Windows 11 Edu,WORKGROUP,Vélizy,R&T,Salle 122,02:00:00:65:81:99,2020-06-04,2025-06-03
5476812,OptiPlex 7060,DL2R28F3GA,Dell,OPTIPLEX-RB-0466,Desktop,Intel Core i7-8700,4096,256,Windows 10 Edu,WORKGROUP,Rambouillet,Bâtiment A,Salle 153,02:00:00:46:72:2F,2024-02-16,2028-02-15
2716961,OptiPlex 9020,DLHQPFDPPM,Dell,OPTIPLEX-RB-0467,Desktop,Intel Core i5-8250U,32768,1024,Windows 10 Pro,ADM.UVSQ,Rambouillet,GEII,Salle 135,02:00:00:00:91:8D,2020-02-25,2025-02-23
9354193,OptiPlex 9020,DLUUR3LET3,Dell,OPTIPLEX-RB-0468,Desktop,Intel Core i5-10400,4096,512,Windows 10 Edu,PEDA.UVSQ,Rambouillet,GEII,Salle 123,02:00:00:3D:57:D6,2024-02-08,2027-02-07
8386703,ProOne 600 G5 AiO,HPZZ6KUS85,HP,PROONE-RB-0469,AiO,Intel Core i5-7500,16384,512,Windows 10 Edu,PEDA.UVSQ,Rambouillet,R&T,Salle 157,02:00:00:6F:38:EF,2019-02-16,2023-02-15
5467946,Latitude 5490,DLW4BG6446,Dell,LATITUDE-VZ-0470,Laptop,Intel Core i5-8250U,16384,1024,Windows 11 Pro,PEDA.UVSQ,Vélizy,INFO,Bureau 219,02:00:00:54:CF:54,2023-03-29,2028-03-27
9925145,EliteDesk 800 G3,HPC4RHHQ7P,HP,ELITEDESK-VZ-0471,Desktop,Intel Core i7-8650U,16384,1024,Windows 11 Pro,PEDA.UVSQ,Vélizy,R&T,Salle 132,02:00:00:74:19:99,2024-11-19,2029-11-18
1728723,OptiPlex 7060,DL8E83ZTEB,Dell,OPTIPLEX-RB-0472,Desktop,Intel Core i5-8250U,4096,256,Windows 11 Pro,WORKGROUP,Rambouillet,Bâtiment B,Salle 128,02:00:00:0A:F4:DC,2024-07-11,2028-07-10
2002175,ProDesk 400 G4,HPBLYQMLS5,HP,PRODESK-RB-0473,Desktop,Intel Core i5-8250U,8192,256,Windows 10 Edu,WORKGROUP,Rambouillet,Bâtiment B,Bureau 211,02:00:00:09:D1:71,2021-01-23,2025-01-22
5941189,All-in-One 24-df,HPKWV66AH6,HP,ALLINONE-VZ-0474,AiO,Intel Core i7-8700,16384,1024,Windows 10 Edu,WORKGROUP,Vélizy,GEII,Bureau 228,02:00:00:45:B9:12,2023-05-04,2027-05-03
7459341,EliteDesk 800 G3,HPXXX4SFFM,HP,ELITEDESK-RB-0475,Desktop,Intel Core i5-7500,32768,1024,Windows 11 Edu,PEDA.UVSQ,Rambouillet,GEII,Salle 127,02:00:00:05:24:6E,2017-01-11,2020-01-11
8020080,All-in-One 24-df,HPQ7ZGZGR9,HP,ALLINONE-VZ-0476,AiO,Intel Core i7-8650U,32768,1024,Windows 11 Pro,PEDA.UVSQ,Vélizy,MMI,Bureau 218,02:00:00:7C:96:71,2024-01-01,2026-12-31
1830690,OptiPlex 7050,DLM9YYTJDX,Dell,OPTIPLEX-RB-0477,Desktop,Intel Core i5-6500,4096,256,Windows 11 Edu,WORKGROUP,Rambouillet,MMI,Salle 146,02:00:00:71:CC:08,2019-03-09,2024-03-07
8057428,OptiPlex 7070,DLU5GFUSLR,Dell,OPTIPLEX-RB-0478,Desktop,Intel Core i5-10400,32768,1024,Windows 10 Pro,PEDA.UVSQ,Rambouillet,Bâtiment A,Salle 117,02:00:00:0E:FC:89,2021-07-02,2024-07-01
8595639,Latitude 5490,DLA8EVJ5RR,Dell,LATITUDE-VZ-0479,Laptop,Intel Core i5-6500,32768,512,Windows 10 Edu,WORKGROUP,Vélizy,Bâtiment B,Salle 128,02:00:00:2F:3E:CB,2020-08-05,2023-08-05
9233082,EliteDesk 800 G3,HPLYK7DU2J,HP,ELITEDESK-VZ-0480,Desktop,Intel Core i7-8650U,8192,256,Windows 11 Pro,ADM.UVSQ,Vélizy,Bâtiment B,Bureau 215,02:00:00:39:77:7A,2020-08-19,2023-08-19
4976913,OptiPlex 9020,DL4PFX3WEY,Dell,OPTIPLEX-VZ-0481,Desktop,Intel Core i7-8700,32768,512,Windows 11 Edu,WORKGROUP,Vélizy,Bâtiment B,Bureau 221,02:00:00:1A:EF:BA,2022-01-09,2027-01-08
1605078,ThinkCentre M910,LNA6V34WRS,Lenovo,THINKCENTRE-RB-0482,Desktop,Intel Core i7-8650U,32768,1024,Windows 10 Pro,WORKGROUP,Rambouillet,INFO,Salle 108,02:00:00:1F:70:5A,2024-01-16,2029-01-14
5444119,EliteDesk 800 G3,HPJDS5J7ZH,HP,ELITEDESK-VZ-0483,Desktop,Intel Core i5-10400,16384,256,Windows 10 Pro,WORKGROUP,Vélizy,Bâtiment B,Bureau 212,02:00:00:2C:73:41,2023-04-29,2027-04-28
6735513,OptiPlex 9020,DLAE6AN2U2,Dell,OPTIPLEX-RB-0484,Desktop,Intel Core i5-7500,16384,512,Windows 10 Edu,ADM.UVSQ,Rambouillet,Bâtiment A,Bureau 227,02:00:00:0F:0C:15,2024-11-24,2029-11-23
6032033,Latitude 5490,DLWWKUKCGL,Dell,LATITUDE-VZ-0485,Laptop,Intel Core i7-8700,8192,256,Windows 10 Edu,ADM.UVSQ,Vélizy,MMI,Salle 111,02:00:00:6C:FB:DB,2017-06-30,2020-06-29
7267090,Latitude 5490,DLYVJFKP64,Dell,LATITUDE-RB-0486,Laptop,Intel Core i5-10400,8192,512,Windows 10 Edu,ADM.UVSQ,Rambouillet,INFO,Salle 144,02:00:00:37:DE:D3,2024-12-17,2027-12-17
6357926,OptiPlex 9020,DLCD4HGS5W,Dell,OPTIPLEX-RB-0487,Desktop,Intel Core i7-8650U,8192,512,Windows 11 Pro,WORKGROUP,Rambouillet,INFO,Salle 155,02:00:00:5D:DE:9E,2018-03-06,2022-03-05
5116611,ProOne 600 G5 AiO,HPL686D6TH,HP,PROONE-VZ-0488,AiO,Intel Core i7-8650U,4096,1024,Windows 11 Pro,PEDA.UVSQ,Vélizy,GEII,Salle 110,02:00:00:35:7E:C4,2018-11-19,2021-11-18
5784412,All-in-One 24-df,HPR55WW9Z3,HP,ALLINONE-RB-0489,AiO,Intel Core i7-8650U,16384,512,Windows 11 Pro,PEDA.UVSQ,Rambouillet,Bâtiment A,Salle 107,02:00:00:7C:C4:12,2020-12-07,2024-12-06
7029008,OptiPlex 7050,DLMRRA2HJZ,Dell,OPTIPLEX-VZ-0490,Desktop,Intel Core i5-8250U,8192,1024,Windows 11 Edu,ADM.UVSQ,Vélizy,INFO,Salle 159,02:00:00:41:C6:96,2022-02-05,2025-02-04
2926741,OptiPlex 7050,DLCJDNATEK,Dell,OPTIPLEX-VZ-0491,Desktop,Intel Core i5-8250U,8192,1024,Windows 10 Edu,WORKGROUP,Vélizy,GEII,Salle 130,02:00:00:22:68:E7,2021-06-21,2024-06-20
1918442,OptiPlex 7060,DL6KC4YKM3,Dell,OPTIPLEX-VZ-0492,Desktop,Intel Core i7-8650U,8192,512,Windows 11 Pro,WORKGROUP,Vélizy,INFO,Bureau 218,02:00:00:0C:E6:58,2023-08-23,2027-08-22
8977511,OptiPlex 7050,DLXUYLA68A,Dell,OPTIPLEX-VZ-0493,Desktop,Intel Core i5-10400,16384,512,Windows 11 Pro,ADM.UVSQ,Vélizy,MMI,Salle 113,02:00:00:22:9C:DC,2020-04-11,2023-04-11
8693109,Latitude 5490,DLG9488298,Dell,LATITUDE-VZ-0494,Laptop,Intel Core i7-8650U,4096,512,Windows 11 Edu,PEDA.UVSQ,Vélizy,MMI,Salle 141,02:00:00:2F:61:C2,2023-02-22,2027-02-21
9204887,ProOne 600 G5 AiO,HPLYXL42QC,HP,PROONE-VZ-0495,AiO,Intel Core i7-8700,8192,512,Windows 11 Edu,PEDA.UVSQ,Vélizy,Bâtiment A,Salle 140,02:00:00:6D:A2:31,2023-09-21,2028-09-19
4409310,ThinkCentre M910,LNKG4KUJ5L,Lenovo,THINKCENTRE-RB-0496,Desktop,Intel Core i7-8650U,8192,256,Windows 11 Pro,ADM.UVSQ,Rambouillet,R&T,Salle 117,02:00:00:13:55:1A,2020-11-18,2023-11-18
7283179,ProDesk 600 G3,HP8ES4YCYP,HP,PRODESK-VZ-0497,Desktop,Intel Core i7-8650U,32768,1024,Windows 11 Edu,WORKGROUP,Vélizy,INFO,Bureau 221,02:00:00:1D:F5:E7,2017-05-04,2022-05-03
5891019,OptiPlex 7070,DL6F2ZJK83,Dell,OPTIPLEX-RB-0498,Desktop,Intel Core i5-10400,8192,512,Windows 10 Edu,WORKGROUP,Rambouillet,Bâtiment A,Salle 132,02:00:00:43:79:64,2020-08-15,2024-08-14
9859393,OptiPlex 7070,DLK665ZSBG,Dell,OPTIPLEX-VZ-0499,Desktop,Intel Core i5-8250U,4096,256,Windows 10 Edu,PEDA.UVSQ,Vélizy,MMI,Bureau 216,02:00:00:09:81:DA,2019-09-09,2022-09-08
5071392,OptiPlex 7060,DL637Y8ZR6,Dell,OPTIPLEX-RB-0500,Desktop,Intel Core i5-10400,8192,512,Windows 11 Pro,WORKGROUP,Rambouillet,GEII,Bureau 207,02:00:00:31:99:53,2018-06-16,2022-06-15
9126814,OptiPlex 7070,DLUUPYYWHF,Dell,OPTIPLEX-VZ-0501,Desktop,Intel Core i5-8250U,8192,256,Windows 10 Pro,PEDA.UVSQ,Vélizy,GEII,Salle 128,02:00:00:10:BE:FA,2019-03-20,2024-03-18
9452298,OptiPlex 9020,DL7PWAKGBH,Dell,OPTIPLEX-RB-0502,Desktop,Intel Core i7-8700,4096,256,Windows 11 Edu,PEDA.UVSQ,Rambouillet,Bâtiment A,Salle 141,02:00:00:6F:8A:ED,2022-02-21,2025-02-20
3851457,OptiPlex 7070,DLWTAG5NAV,Dell,OPTIPLEX-VZ-0503,Desktop,Intel Core i7-8650U,8192,512,Windows 11 Pro,ADM.UVSQ,Vélizy,MMI,Salle 144,02:00:00:44:6C:23,2024-09-13,2027-09-13
5871769,OptiPlex 7070,DLNYDPF38Y,Dell,OPTIPLEX-RB-0504,Desktop,Intel Core i5-8250U,32768,1024,Windows 11 Edu,WORKGROUP,Rambouillet,Bâtiment B,Bureau 209,02:00:00:13:07:44,2019-06-07,2023-06-06
1930865,OptiPlex 7070,DL6FRVFWHV,Dell,OPTIPLEX-RB-0505,Desktop,Intel Core i7-8700,32768,1024,Windows 11 Pro,ADM.UVSQ,Rambouillet,Bâtiment B,Salle 154,02:00:00:49:07:2F,2020-12-14,2025-12-13
7134432,OptiPlex 9020,DL83T2C4Z3,Dell,OPTIPLEX-VZ-0506,Desktop,Intel Core i5-8250U,32768,1024,Windows 10 Edu,WORKGROUP,Vélizy,GEII,Bureau 217,02:00:00:7C:81:E1,2023-07-11,2028-07-09
8046906,ProOne 600 G5 AiO,HPYFBQVUZL,HP,PROONE-RB-0507,AiO,Intel Core i5-8250U,16384,256,Windows 11 Pro,WORKGROUP,Rambouillet,Bâtiment A,Salle 136,02:00:00:30:46:08,2020-09-29,2023-09-29
4105971,OptiPlex 9020,DLSYGABXZ6,Dell,OPTIPLEX-VZ-0508,Desktop,Intel Core i7-8650U,32768,1024,Windows 11 Pro,PEDA.UVSQ,Vélizy,INFO,Salle 144,02:00:00:74:4A:F2,2018-01-28,2022-01-27
8487739,ProDesk 600 G3,HPJSTTWRPB,HP,PRODESK-VZ-0509,Desktop,Intel Core i7-8700,4096,1024,Windows 11 Pro,WORKGROUP,Vélizy,Bâtiment A,Bureau 211,02:00:00:04:85:21,2018-07-09,2021-07-08
2847902,ThinkCentre M720,LN42445TFB,Lenovo,THINKCENTRE-VZ-0510,Desktop,Intel Core i7-8650U,8192,1024,Windows 11 Pro,PEDA.UVSQ,Vélizy,R&T,Salle 135,02:00:00:67:9B:0C,2020-07-23,2024-07-22
8408391,ProOne 600 G5 AiO,HP74Z5GQB6,HP,PROONE-RB-0511,AiO,Intel Core i7-8650U,32768,256,Windows 11 Pro,ADM.UVSQ,Rambouillet,INFO,Salle 132,02:00:00:06:0A:AC,2020-02-12,2025-02-10
7580911,All-in-One 24-df,HPXVD8DJ43,HP,ALLINONE-VZ-0512,AiO,Intel Core i5-8250U,4096,512,Windows 11 Pro,PEDA.UVSQ,Vélizy,Bâtiment A,Bureau 207,02:00:00:13:63:2A,2023-05-20,2028-05-18
6569470,OptiPlex 9020,DLFSKSUWKR,Dell,OPTIPLEX-VZ-0513,Desktop,Intel Core i7-8700,4096,256,Windows 10 Edu,ADM.UVSQ,Vélizy,MMI,Salle 141,02:00:00:7E:99:D3,2020-04-26,2025-04-25
5428545,OptiPlex 7070,DLHU7JM8HZ,Dell,OPTIPLEX-VZ-0514,Desktop,Intel Core i5-10400,8192,256,Windows 11 Edu,ADM.UVSQ,Vélizy,Bâtiment B,Salle 152,02:00:00:4E:44:76,2024-03-22,2029-03-21
3966789,OptiPlex 7070,DL26HJ3PEC,Dell,OPTIPLEX-RB-0515,Desktop,Intel Core i5-8250U,32768,256,Windows 10 Edu,PEDA.UVSQ,Rambouillet,GEII,Salle 151,02:00:00:20:9A:4A,2022-04-28,2026-04-27
8490950,ProOne 600 G5 AiO,HPN5726Z8X,HP,PROONE-VZ-0516,AiO,Intel Core i5-7500,8192,1024,Windows 10 Edu,PEDA.UVSQ,Vélizy,Bâtiment A,Salle 133,02:00:00:61:A9:1E,2019-09-29,2024-09-27
5636170,Latitude 5490,DLQ4TXLLU3,Dell,LATITUDE-RB-0517,Laptop,Intel Core i5-7500,32768,1024,Windows 10 Pro,WORKGROUP,Rambouillet,Bâtiment B,Bureau 215,02:00:00:7C:1C:12,2022-10-21,2025-10-20
4864133,Latitude 5490,DLESFV464W,Dell,LATITUDE-VZ-0518,Laptop,Intel Core i7-8650U,8192,256,Windows 11 Edu,ADM.UVSQ,Vélizy,Bâtiment B,Bureau 205,02:00:00:3C:62:B8,2017-05-28,2021-05-27
6282222,ProOne 600 G5 AiO,HPWGXEUHEB,HP,PROONE-VZ-0519,AiO,Intel Core i5-7500,32768,256,Windows 10 Edu,ADM.UVSQ,Vélizy,GEII,Salle 139,02:00:00:55:78:CF,2023-01-20,2026-01-19
4533764,ThinkPad T480,LN8GEN7EHS,Lenovo,THINKPAD-VZ-0520,Laptop,Intel Core i7-8650U,8192,512,Windows 10 Pro,WORKGROUP,Vélizy,Bâtiment A,Salle 127,02:00:00:0A:21:71,2018-07-07,2022-07-06
1733437,ProOne 600 G5 AiO,HPB92L9CEE,HP,PROONE-RB-0521,AiO,Intel Core i7-8650U,8192,512,Windows 10 Pro,PEDA.UVSQ,Rambouillet,MMI,Bureau 219,02:00:00:45:7D:6E,2023-12-23,2026-12-22
2241587,OptiPlex 7070,DLGAKDALTV,Dell,OPTIPLEX-VZ-0522,Desktop,Intel Core i5-8250U,16384,256,Windows 11 Pro,WORKGROUP,Vélizy,Bâtiment B,Bureau 216,02:00:00:57:08:D7,2023-02-13,2026-02-12
6138689,EliteDesk 800 G3,HP8C53CKBY,HP,ELITEDESK-VZ-0523,Desktop,Intel Core i5-8250U,16384,512,Windows 11 Pro,WORKGROUP,Vélizy,R&T,Salle 124,02:00:00:14:0C:7B,2017-02-22,2021-02-21
7935854,ProOne 600 G5 AiO,HP8VK64M5Z,HP,PROONE-RB-0524,AiO,Intel Core i5-6500,16384,512,Windows 10 Pro,PEDA.UVSQ,Rambouillet,Bâtiment A,Salle 154,02:00:00:6A:7C:67,2018-02-20,2022-02-19
2386076,OptiPlex 7060,DLYYFQTUMT,Dell,OPTIPLEX-RB-0525,Desktop,Intel Core i5-7500,16384,512,Windows 10 Pro,ADM.UVSQ,Rambouillet,R&T,Salle 130,02:00:00:40:64:DB,2017-02-08,2020-02-08
2246972,ThinkCentre M910,LND2TXSYX6,Lenovo,THINKCENTRE-RB-0526,Desktop,Intel Core i5-6500,8192,512,Windows 11 Pro,PEDA.UVSQ,Rambouillet,GEII,Salle 126,02:00:00:3E:6C:D1,2022-07-24,2025-07-23
6946779,OptiPlex 7070,DL3X863G4U,Dell,OPTIPLEX-VZ-0527,Desktop,Intel Core i5-10400,32768,1024,Windows 11 Pro,PEDA.UVSQ,Vélizy,MMI,Salle 113,02:00:00:42:A0:D0,2017-05-12,2022-05-11
9199247,All-in-One 24-df,HPKGX3J667,HP,ALLINONE-RB-0528,AiO,Intel Core i5-6500,8192,512,Windows 11 Edu,PEDA.UVSQ,Rambouillet,INFO,Bureau 220,02:00:00:05:9F:88,2018-07-07,2023-07-06
3877543,OptiPlex 7070,DLP3N7ZRNE,Dell,OPTIPLEX-RB-0529,Desktop,Intel Core i5-8250U,16384,1024,Windows 11 Edu,WORKGROUP,Rambouillet,Bâtiment A,Bureau 218,02:00:00:71:8C:05,2021-09-20,2026-09-19
6684877,EliteDesk 800 G3,HPJPM4T2G8,HP,ELITEDESK-RB-0530,Desktop,Intel Core i5-8250U,16384,256,Windows 11 Edu,ADM.UVSQ,Rambouillet,Bâtiment B,Salle 130,02:00:00:18:E3:C5,2019-03-23,2023-03-22
1352803,OptiPlex 7060,DLR3GQ7DG9,Dell,OPTIPLEX-VZ-0531,Desktop,Intel Core i7-8700,16384,512,Windows 10 Edu,ADM.UVSQ,Vélizy,MMI,Salle 104,02:00:00:14:59:2E,2023-12-20,2027-12-19
9844467,ThinkCentre M910,LNMTEKVF29,Lenovo,THINKCENTRE-VZ-0532,Desktop,Intel Core i5-8250U,8192,256,Windows 10 Pro,PEDA.UVSQ,Vélizy,Bâtiment A,Bureau 220,02:00:00:31:63:3E,2018-06-09,2022-06-08
8081577,ThinkCentre M720,LNAMVPDUAA,Lenovo,THINKCENTRE-VZ-0533,Desktop,Intel Core i5-7500,8192,512,Windows 10 Pro,PEDA.UVSQ,Vélizy,R&T,Salle 129,02:00:00:44:CD:B1,2019-01-19,2023-01-18
5343723,OptiPlex 7060,DL2PRQQTTC,Dell,OPTIPLEX-RB-0534,Desktop,Intel Core i5-8250U,4096,512,Windows 11 Pro,ADM.UVSQ,Rambouillet,INFO,Salle 134,02:00:00:11:3F:7F,2022-05-15,2027-05-14
9715799,OptiPlex 7060,DL6SECUAAQ,Dell,OPTIPLEX-RB-0535,Desktop,Intel Core i5-8250U,4096,256,Windows 10 Edu,ADM.UVSQ,Rambouillet,MMI,Bureau 208,02:00:00:29:D9:78,2019-05-13,2024-05-11
8177912,OptiPlex 9020,DL6V6SEXHM,Dell,OPTIPLEX-VZ-0536,Desktop,Intel Core i7-8700,8192,256,Windows 10 Edu,WORKGROUP,Vélizy,INFO,Bureau 207,02:00:00:43:A7:F2,2017-11-04,2021-11-03
2578547,ProDesk 600 G3,HPRWNYMNNR,HP,PRODESK-RB-0537,Desktop,Intel Core i5-10400,16384,256,Windows 10 Pro,PEDA.UVSQ,Rambouillet,INFO,Salle 127,02:00:00:5D:C6:C8,2023-02-25,2028-02-24
6533619,All-in-One 24-df,HPQ72RWCLF,HP,ALLINONE-RB-0538,AiO,Intel Core i7-8650U,16384,1024,Windows 10 Edu,ADM.UVSQ,Rambouillet,Bâtiment B,Salle 114,02:00:00:62:36:7B,2022-08-18,2025-08-17
7631486,All-in-One 24-df,HPDYNSAVCC,HP,ALLINONE-RB-0539,AiO,Intel Core i7-8650U,8192,256,Windows 11 Pro,ADM.UVSQ,Rambouillet,R&T,Bureau 215,02:00:00:34:B8:E6,2024-07-24,2028-07-23
5389878,ProOne 600 G5 AiO,HP8GSYEMPA,HP,PROONE-VZ-0540,AiO,Intel Core i7-8700,8192,256,Windows 10 Pro,ADM.UVSQ,Vélizy,Bâtiment B,Salle 120,02:00:00:67:74:A1,2024-02-18,2027-02-17
3845838,ProDesk 600 G3,HP73CZ72BZ,HP,PRODESK-VZ-0541,Desktop,Intel Core i7-8650U,8192,256,Windows 10 Edu,PEDA.UVSQ,Vélizy,Bâtiment A,Salle 134,02:00:00:2A:5A:5C,2024-09-25,2029-09-24
5014507,ProDesk 600 G3,HPXYH7Y6JT,HP,PRODESK-RB-0542,Desktop,Intel Core i5-6500,32768,1024,Windows 11 Pro,WORKGROUP,Rambouillet,MMI,Bureau 227,02:00:00:3D:FA:69,2019-11-24,2024-11-22
8247407,OptiPlex 7060,DLNNW546UG,Dell,OPTIPLEX-RB-0543,Desktop,Intel Core i5-10400,4096,512,Windows 11 Edu,ADM.UVSQ,Rambouillet,Bâtiment B,Salle 134,02:00:00:32:BB:8F,2024-09-19,2029-09-18
9685995,OptiPlex 9020,DLLRSW22JM,Dell,OPTIPLEX-VZ-0544,Desktop,Intel Core i5-6500,32768,256,Windows 11 Edu,ADM.UVSQ,Vélizy,R&T,Salle 112,02:00:00:40:7D:1E,2018-04-25,2023-04-24
3555254,OptiPlex 7070,DLSWHCM3DQ,Dell,OPTIPLEX-VZ-0545,Desktop,Intel Core i7-8650U,16384,512,Windows 11 Edu,WORKGROUP,Vélizy,MMI,Salle 120,02:00:00:2C:0B:59,2021-07-18,2024-07-17
7454340,OptiPlex 7070,DL3ZM3KJP4,Dell,OPTIPLEX-RB-0546,Desktop,Intel Core i5-8250U,16384,512,Windows 10 Edu,ADM.UVSQ,Rambouillet,Bâtiment A,Bureau 228,02:00:00:1B:D6:74,2022-06-18,2027-06-17
7246994,OptiPlex 7050,DL989J5FX2,Dell,OPTIPLEX-RB-0547,Desktop,Intel Core i7-8650U,32768,256,Windows 10 Edu,PEDA.UVSQ,Rambouillet,Bâtiment A,Bureau 214,02:00:00:74:04:03,2024-04-09,2029-04-08
9131345,OptiPlex 7050,DLVVKZ3ETK,Dell,OPTIPLEX-RB-0548,Desktop,Intel Core i7-8700,4096,512,Windows 10 Edu,ADM.UVSQ,Rambouillet,GEII,Salle 156,02:00:00:28:6A:B2,2023-07-03,2028-07-01
2534677,OptiPlex 7050,DLZ7TNYTDA,Dell,OPTIPLEX-VZ-0549,Desktop,Intel Core i5-8250U,8192,256,Windows 10 Edu,ADM.UVSQ,Vélizy,MMI,Salle 155,02:00:00:08:AC:B1,2020-09-18,2024-09-17
3459844,OptiPlex 7050,DL6XNES2HR,Dell,OPTIPLEX-RB-0550,Desktop,Intel Core i5-8250U,32768,512,Windows 11 Edu,ADM.UVSQ,Rambouillet,Bâtiment A,Salle 130,02:00:00:63:CF:C9,2021-04-17,2024-04-16
2281870,OptiPlex 7070,DL4E53DSQ7,Dell,OPTIPLEX-RB-0551,Desktop,Intel Core i5-10400,4096,512,Windows 10 Edu,WORKGROUP,Rambouillet,GEII,Salle 157,02:00:00:78:2C:75,2017-07-03,2020-07-02
5117511,ProOne 600 G5 AiO,HP7E9RFG6U,HP,PROONE-RB-0552,AiO,Intel Core i5-6500,16384,256,Windows 11 Pro,PEDA.UVSQ,Rambouillet,MMI,Bureau 228,02:00:00:42:29:6C,2020-02-18,2023-02-17
1075232,EliteDesk 800 G3,HPC9MNB9RY,HP,ELITEDESK-RB-0553,Desktop,Intel Core i7-8650U,4096,256,Windows 11 Pro,PEDA.UVSQ,Rambouillet,Bâtiment B,Salle 146,02:00:00:79:CD:D4,2019-10-01,2024-09-29
8222835,ProDesk 400 G4,HPR9RAMWH9,HP,PRODESK-VZ-0554,Desktop,Intel Core i5-6500,8192,256,Windows 10 Pro,WORKGROUP,Vélizy,Bâtiment B,Salle 138,02:00:00:20:C7:F8,2018-02-06,2022-02-05
7773760,ThinkCentre M720,LN29MVGPYS,Lenovo,THINKCENTRE-RB-0555,Desktop,Intel Core i5-8250U,32768,512,Windows 10 Edu,PEDA.UVSQ,Rambouillet,R&T,Bureau 223,02:00:00:45:8D:AB,2023-08-29,2027-08-28
9492572,OptiPlex 7070,DLGHRJQDH8,Dell,OPTIPLEX-VZ-0556,Desktop,Intel Core i5-6500,16384,512,Windows 10 Pro,WORKGROUP,Vélizy,GEII,Bureau 217,02:00:00:53:78:AA,2024-03-01,2029-02-28
5312052,OptiPlex 9020,DL8DFLTAKD,Dell,OPTIPLEX-VZ-0557,Desktop,Intel Core i5-8250U,32768,512,Windows 11 Edu,WORKGROUP,Vélizy,GEII,Bureau 203,02:00:00:01:6A:05,2017-03-30,2020-03-29
9494088,OptiPlex 7070,DLQYURWQU3,Dell,OPTIPLEX-VZ-0558,Desktop,Intel Core i5-6500,4096,512,Windows 11 Pro,WORKGROUP,Vélizy,R&T,Bureau 218,02:00:00:7C:42:3D,2021-02-09,2025-02-08
4521795,ThinkPad T480,LNU9MXTBVT,Lenovo,THINKPAD-VZ-0559,Laptop,Intel Core i7-8700,32768,1024,Windows 10 Pro,PEDA.UVSQ,Vélizy,INFO,Bureau 205,02:00:00:38:9F:5D,2017-05-05,2022-05-04
2652746,ProOne 600 G5 AiO,HPRL7SQYLJ,HP,PROONE-RB-0560,AiO,Intel Core i5-6500,32768,512,Windows 10 Edu,WORKGROUP,Rambouillet,INFO,Bureau 210,02:00:00:27:A8:64,2018-07-10,2023-07-09
8559630,EliteDesk 800 G3,HPFS52G93F,HP,ELITEDESK-RB-0561,Desktop,Intel Core i5-8250U,16384,512,Windows 10 Pro,PEDA.UVSQ,Rambouillet,GEII,Bureau 203,02:00:00:34:71:BB,2019-11-05,2024-11-03
7514822,OptiPlex 9020,DLUZQHEY8B,Dell,OPTIPLEX-RB-0562,Desktop,Intel Core i7-8700,32768,512,Windows 11 Pro,PEDA.UVSQ,Rambouillet,Bâtiment B,Salle 103,02:00:00:31:F8:66,2022-11-08,2026-11-07
2542674,ProDesk 600 G3,HPQ9USSSXB,HP,PRODESK-VZ-0563,Desktop,Intel Core i7-8650U,4096,1024,Windows 11 Pro,ADM.UVSQ,Vélizy,R&T,Salle 159,02:00:00:5B:35:F0,2019-05-13,2023-05-12
6031184,Latitude 5490,DL7UZCY3JH,Dell,LATITUDE-RB-0564,Laptop,Intel Core i5-7500,16384,256,Windows 10 Edu,PEDA.UVSQ,Rambouillet,R&T,Bureau 207,02:00:00:13:11:1E,2020-10-10,2025-10-09
6805137,OptiPlex 7070,DLWXF7M8WM,Dell,OPTIPLEX-VZ-0565,Desktop,Intel Core i5-6500,4096,256,Windows 11 Pro,ADM.UVSQ,Vélizy,R&T,Bureau 211,02:00:00:4A:26:01,2021-12-11,2025-12-10
6600113,OptiPlex 7050,DL99E4RH7B,Dell,OPTIPLEX-RB-0566,Desktop,Intel Core i7-8650U,32768,256,Windows 11 Pro,ADM.UVSQ,Rambouillet,INFO,Salle 128,02:00:00:10:02:89,2018-10-24,2023-10-23
9573386,OptiPlex 9020,DLR3GFJV6Q,Dell,OPTIPLEX-RB-0567,Desktop,Intel Core i7-8650U,8192,1024,Windows 10 Pro,ADM.UVSQ,Rambouillet,MMI,Salle 103,02:00:00:55:2E:F9,2023-12-21,2028-12-19
2703036,OptiPlex 7050,DL43W46F2B,Dell,OPTIPLEX-VZ-0568,Desktop,Intel Core i7-8700,4096,256,Windows 10 Edu,ADM.UVSQ,Vélizy,Bâtiment B,Salle 108,02:00:00:6B:61:1C,2019-06-21,2023-06-20
5097510,ThinkPad T480,LNBHKJR3ST,Lenovo,THINKPAD-VZ-0569,Laptop,Intel Core i5-6500,16384,1024,Windows 11 Pro,ADM.UVSQ,Vélizy,GEII,Bureau 212,02:00:00:7A:5B:8D,2018-09-17,2021-09-16
8538868,OptiPlex 9020,DLTQMAJTCM,Dell,OPTIPLEX-RB-0570,Desktop,Intel Core i5-7500,8192,256,Windows 10 Pro,PEDA.UVSQ,Rambouillet,R&T,Salle 136,02:00:00:15:F0:A0,2019-08-16,2023-08-15
1391155,OptiPlex 7050,DLR52BYFYN,Dell,OPTIPLEX-VZ-0571,Desktop,Intel Core i7-8650U,32768,512,Windows 11 Pro,ADM.UVSQ,Vélizy,INFO,Salle 136,02:00:00:2C:39:B4,2018-10-18,2023-10-17
8792863,OptiPlex 7050,DLVBKLJYJM,Dell,OPTIPLEX-VZ-0572,Desktop,Intel Core i5-6500,32768,256,Windows 10 Edu,PEDA.UVSQ,Vélizy,INFO,Salle 115,02:00:00:3F:E2:65,2022-10-06,2026-10-05
3952387,OptiPlex 7060,DLQV99796K,Dell,OPTIPLEX-VZ-0573,Desktop,Intel Core i5-10400,16384,512,Windows 11 Edu,WORKGROUP,Vélizy,R&T,Salle 158,02:00:00:2D:E0:97,2021-08-12,2025-08-11
4156659,OptiPlex 7050,DLVVPSRBLX,Dell,OPTIPLEX-VZ-0574,Desktop,Intel Core i5-6500,16384,1024,Windows 11 Pro,ADM.UVSQ,Vélizy,INFO,Salle 142,02:00:00:10:3F:F1,2019-12-17,2022-12-16
8535316,OptiPlex 7060,DLGSEH2QWM,Dell,OPTIPLEX-RB-0575,Desktop,Intel Core i5-8250U,8192,1024,Windows 10 Pro,ADM.UVSQ,Rambouillet,GEII,Salle 122,02:00:00:03:C2:25,2020-05-25,2025-05-24
2946498,OptiPlex 7070,DLM7TC5HNQ,Dell,OPTIPLEX-VZ-0576,Desktop,Intel Core i5-8250U,32768,512,Windows 10 Edu,ADM.UVSQ,Vélizy,Bâtiment B,Salle 138,02:00:00:39:E3:FA,2024-10-29,2029-10-28
2594427,OptiPlex 7060,DL44TG4CFY,Dell,OPTIPLEX-RB-0577,Desktop,Intel Core i5-7500,8192,1024,Windows 11 Pro,ADM.UVSQ,Rambouillet,GEII,Salle 118,02:00:00:4F:23:7C,2023-08-21,2028-08-19
3246188,All-in-One 24-df,HPU8F8VEYU,HP,ALLINONE-RB-0578,AiO,Intel Core i5-7500,32768,512,Windows 10 Pro,PEDA.UVSQ,Rambouillet,MMI,Salle 116,02:00:00:3A:00:12,2022-12-10,2027-12-09
4666429,OptiPlex 7060,DLYHM4K3XW,Dell,OPTIPLEX-VZ-0579,Desktop,Intel Core i5-10400,4096,256,Windows 11 Pro,WORKGROUP,Vélizy,GEII,Bureau 221,02:00:00:11:EE:70,2019-12-14,2022-12-13
1283424,Latitude 5490,DLG3QKTUFF,Dell,LATITUDE-VZ-0580,Laptop,Intel Core i7-8650U,8192,1024,Windows 10 Edu,PEDA.UVSQ,Vélizy,INFO,Bureau 210,02:00:00:45:2F:61,2018-07-27,2022-07-26
9130258,All-in-One 24-df,HPYJ43EDG7,HP,ALLINONE-RB-0581,AiO,Intel Core i5-6500,16384,1024,Windows 10 Pro,ADM.UVSQ,Rambouillet,INFO,Bureau 215,02:00:00:5A:C5:FB,2019-03-06,2023-03-05
7915928,OptiPlex 9020,DLSC9EG28V,Dell,OPTIPLEX-VZ-0582,Desktop,Intel Core i5-6500,16384,256,Windows 10 Pro,ADM.UVSQ,Vélizy,Bâtiment A,Salle 148,02:00:00:00:D9:9A,2023-09-26,2028-09-24
7747220,OptiPlex 7050,DLSFYGWN99,Dell,OPTIPLEX-RB-0583,Desktop,Intel Core i7-8700,4096,1024,Windows 10 Edu,WORKGROUP,Rambouillet,MMI,Salle 126,02:00:00:48:A8:B1,2022-10-25,2027-10-24
2458693,ProOne 600 G5 AiO,HPXG5WRW3G,HP,PROONE-RB-0584,AiO,Intel Core i5-8250U,32768,512,Windows 10 Pro,PEDA.UVSQ,Rambouillet,Bâtiment B,Bureau 221,02:00:00:2D:ED:47,2023-04-12,2027-04-11
8585081,EliteDesk 800 G3,HP5NMZJ3LE,HP,ELITEDESK-VZ-0585,Desktop,Intel Core i7-8650U,32768,512,Windows 11 Edu,WORKGROUP,Vélizy,MMI,Salle 129,02:00:00:6D:06:31,2017-11-19,2022-11-18
5952790,OptiPlex 7070,DLDBYTWZWU,Dell,OPTIPLEX-VZ-0586,Desktop,Intel Core i5-8250U,32768,256,Windows 10 Edu,WORKGROUP,Vélizy,GEII,Salle 124,02:00:00:2F:FF:61,2023-08-15,2028-08-13
1028394,OptiPlex 7050,DLY3XAJRAE,Dell,OPTIPLEX-RB-0587,Desktop,Intel Core i5-6500,4096,512,Windows 11 Edu,ADM.UVSQ,Rambouillet,INFO,Bureau 220,02:00:00:03:29:FD,2024-06-10,2029-06-09
8741219,OptiPlex 7060,DL72ZQSPH7,Dell,OPTIPLEX-VZ-0588,Desktop,Intel Core i5-7500,8192,512,Windows 11 Edu,WORKGROUP,Vélizy,Bâtiment B,Bureau 218,02:00:00:73:52:68,2018-06-13,2021-06-12
9129315,Latitude 5490,DL4YMHJC92,Dell,LATITUDE-RB-0589,Laptop,Intel Core i7-8650U,4096,1024,Windows 10 Edu,ADM.UVSQ,Rambouillet,MMI,Bureau 202,02:00:00:75:B9:B4,2018-01-19,2022-01-18
2802826,OptiPlex 7070,DLB8T3FAML,Dell,OPTIPLEX-VZ-0590,Desktop,Intel Core i7-8700,32768,256,Windows 11 Edu,PEDA.UVSQ,Vélizy,Bâtiment A,Salle 122,02:00:00:0C:35:52,2017-05-08,2022-05-07
6739187,EliteDesk 800 G3,HPZAMB7N3S,HP,ELITEDESK-RB-0591,Desktop,Intel Core i7-8650U,8192,1024,Windows 10 Edu,PEDA.UVSQ,Rambouillet,R&T,Salle 143,02:00:00:3E:30:11,2023-03-30,2027-03-29
6147140,OptiPlex 7050,DLADCZWATG,Dell,OPTIPLEX-VZ-0592,Desktop,Intel Core i5-8250U,16384,512,Windows 10 Pro,WORKGROUP,Vélizy,INFO,Salle 132,02:00:00:27:CF:E8,2019-11-05,2022-11-04
2426051,Latitude 5490,DLX432PNMV,Dell,LATITUDE-RB-0593,Laptop,Intel Core i7-8650U,4096,512,Windows 11 Pro,PEDA.UVSQ,Rambouillet,INFO,Salle 148,02:00:00:49:70:0A,2024-10-23,2029-10-22
9516188,OptiPlex 7050,DLZNK4D7TA,Dell,OPTIPLEX-VZ-0594,Desktop,Intel Core i7-8650U,8192,1024,Windows 10 Pro,WORKGROUP,Vélizy,Bâtiment A,Salle 142,02:00:00:49:4D:1F,2023-07-18,2027-07-17
7300082,OptiPlex 7050,DLJGVDGNBU,Dell,OPTIPLEX-VZ-0595,Desktop,Intel Core i7-8650U,32768,256,Windows 11 Pro,PEDA.UVSQ,Vélizy,MMI,Salle 116,02:00:00:10:50:20,2023-07-08,2028-07-06
3147278,ProDesk 400 G4,HPCTWJ6FAL,HP,PRODESK-VZ-0596,Desktop,Intel Core i5-10400,4096,512,Windows 11 Edu,ADM.UVSQ,Vélizy,Bâtiment A,Salle 106,02:00:00:2A:71:1C,2021-03-09,2025-03-08
7413852,ThinkCentre M910,LNFR9D5VC9,Lenovo,THINKCENTRE-VZ-0597,Desktop,Intel Core i7-8700,4096,512,Windows 11 Edu,WORKGROUP,Vélizy,Bâtiment A,Bureau 213,02:00:00:5F:DF:D4,2024-08-22,2028-08-21
1212183,OptiPlex 9020,DLSENNA4DQ,Dell,OPTIPLEX-VZ-0598,Desktop,Intel Core i5-10400,32768,256,Windows 10 Edu,PEDA.UVSQ,Vélizy,R&T,Salle 144,02:00:00:28:45:DE,2021-07-01,2024-06-30
5221526,OptiPlex 9020,DLPRJXSJ6T,Dell,OPTIPLEX-RB-0599,Desktop,Intel Core i5-10400,8192,512,Windows 11 Pro,ADM.UVSQ,Rambouillet,Bâtiment A,Bureau 203,02:00:00:4C:06:08,2022-03-28,2025-03-27
9762847,ThinkCentre M910,LNEGC9KDC3,Lenovo,THINKCENTRE-VZ-0600,Desktop,Intel Core i5-10400,8192,1024,Windows 10 Pro,WORKGROUP,Vélizy,MMI,Salle 152,02:00:00:63:B3:35,2018-04-12,2021-04-11
1704109,ThinkPad T480,LN9PR9KRC2,Lenovo,THINKPAD-RB-0601,Laptop,Intel Core i5-8250U,16384,1024,Windows 10 Pro,WORKGROUP,Rambouillet,GEII,Bureau 208,02:00:00:3C:5B:7D,2021-07-30,2025-07-29
6958923,OptiPlex 7070,DLF2CADTF3,Dell,OPTIPLEX-RB-0602,Desktop,Intel Core i5-6500,8192,512,Windows 10 Edu,PEDA.UVSQ,Rambouillet,GEII,Salle 113,02:00:00:38:59:89,2022-06-14,2026-06-13
6341384,Latitude 5490,DLAVUGJ48A,Dell,LATITUDE-RB-0603,Laptop,Intel Core i7-8700,16384,256,Windows 11 Edu,PEDA.UVSQ,Rambouillet,MMI,Salle 123,02:00:00:31:30:E8,2024-06-13,2029-06-12
1332960,OptiPlex 7060,DLCMDL5GZ2,Dell,OPTIPLEX-VZ-0604,Desktop,Intel Core i5-8250U,32768,512,Windows 11 Pro,ADM.UVSQ,Vélizy,Bâtiment B,Bureau 219,02:00:00:41:B0:94,2023-12-26,2027-12-25
6907536,Latitude 5490,DLWHEAGV8P,Dell,LATITUDE-RB-0605,Laptop,Intel Core i7-8650U,16384,1024,Windows 10 Pro,PEDA.UVSQ,Rambouillet,INFO,Bureau 224,02:00:00:7E:63:97,2022-07-07,2027-07-06
3674608,Latitude 5490,DL8QAFT5VL,Dell,LATITUDE-VZ-0606,Laptop,Intel Core i5-7500,32768,256,Windows 11 Edu,PEDA.UVSQ,Vélizy,Bâtiment B,Salle 145,02:00:00:38:86:39,2017-01-05,2020-01-05
7304843,OptiPlex 9020,DL79QKFEDE,Dell,OPTIPLEX-VZ-0607,Desktop,Intel Core i5-10400,32768,256,Windows 11 Pro,PEDA.UVSQ,Vélizy,R&T,Salle 105,02:00:00:09:A1:60,2019-05-20,2022-05-19
9420936,ProDesk 400 G4,HPVQ9HUGNL,HP,PRODESK-RB-0608,Desktop,Intel Core i5-7500,32768,1024,Windows 11 Edu,WORKGROUP,Rambouillet,Bâtiment B,Salle 120,02:00:00:1A:F6:68,2019-10-08,2022-10-07
6182794,EliteDesk 800 G3,HPFL4WC2QY,HP,ELITEDESK-VZ-0609,Desktop,Intel Core i5-6500,16384,1024,Windows 11 Edu,PEDA.UVSQ,Vélizy,Bâtiment A,Bureau 203,02:00:00:64:1E:2F,2018-07-07,2021-07-06
1674916,OptiPlex 7050,DLU24BDSHK,Dell,OPTIPLEX-RB-0610,Desktop,Intel Core i5-7500,4096,256,Windows 10 Edu,ADM.UVSQ,Rambouillet,Bâtiment B,Bureau 202,02:00:00:5D:D7:81,2020-06-27,2023-06-27
3145133,All-in-One 24-df,HP73KAEWMM,HP,ALLINONE-RB-0611,AiO,Intel Core i7-8700,4096,512,Windows 10 Edu,WORKGROUP,Rambouillet,GEII,Salle 113,02:00:00:3C:C7:A6,2024-10-29,2029-10-28
4688578,OptiPlex 7070,DLMRWD2AT2,Dell,OPTIPLEX-VZ-0612,Desktop,Intel Core i7-8700,4096,1024,Windows 10 Edu,WORKGROUP,Vélizy,GEII,Bureau 223,02:00:00:11:0B:03,2021-03-24,2024-03-23
4465582,OptiPlex 7060,DLJ93895MP,Dell,OPTIPLEX-RB-0613,Desktop,Intel Core i5-6500,32768,1024,Windows 11 Pro,PEDA.UVSQ,Rambouillet,INFO,Salle 104,02:00:00:1F:6C:EA,2024-11-27,2029-11-26
1744483,ProOne 600 G5 AiO,HP9JPHN4WN,HP,PROONE-VZ-0614,AiO,Intel Core i5-7500,4096,512,Windows 10 Edu,PEDA.UVSQ,Vélizy,MMI,Bureau 208,02:00:00:27:D2:A5,2022-01-07,2027-01-06
1052072,ProOne 600 G5 AiO,HP8NXYMXG9,HP,PROONE-VZ-0615,AiO,Intel Core i5-6500,32768,1024,Windows 10 Pro,ADM.UVSQ,Vélizy,GEII,Bureau 216,02:00:00:71:9F:94,2023-01-16,2028-01-15
2625408,OptiPlex 9020,DL68B3BDJ7,Dell,OPTIPLEX-VZ-0616,Desktop,Intel Core i5-8250U,8192,512,Windows 10 Pro,ADM.UVSQ,Vélizy,MMI,Bureau 207,02:00:00:75:27:9D,2024-05-19,2028-05-18
6218948,ThinkPad T480,LNU22P9GQS,Lenovo,THINKPAD-RB-0617,Laptop,Intel Core i5-8250U,8192,256,Windows 11 Edu,ADM.UVSQ,Rambouillet,Bâtiment B,Salle 108,02:00:00:57:A9:EC,2023-10-15,2026-10-14
2435278,Latitude 5490,DLWCWGMSQQ,Dell,LATITUDE-RB-0618,Laptop,Intel Core i7-8700,4096,512,Windows 10 Edu,ADM.UVSQ,Rambouillet,MMI,Salle 145,02:00:00:64:B1:59,2023-12-12,2027-12-11
3469130,OptiPlex 7070,DLZG6S4YGS,Dell,OPTIPLEX-VZ-0619,Desktop,Intel Core i5-8250U,16384,1024,Windows 10 Pro,PEDA.UVSQ,Vélizy,Bâtiment A,Bureau 206,02:00:00:03:DD:50,2021-06-12,2025-06-11
2730269,ThinkPad T480,LN3JARAJCP,Lenovo,THINKPAD-VZ-0620,Laptop,Intel Core i5-7500,8192,512,Windows 11 Pro,WORKGROUP,Vélizy,Bâtiment B,Bureau 209,02:00:00:41:B2:25,2021-12-14,2026-12-13
2211248,Latitude 5490,DLC4E8GF8X,Dell,LATITUDE-RB-0621,Laptop,Intel Core i5-7500,16384,512,Windows 11 Edu,PEDA.UVSQ,Rambouillet,Bâtiment A,Bureau 224,02:00:00:5C:EB:96,2023-11-06,2028-11-04
8193062,OptiPlex 9020,DLQ9RV8263,Dell,OPTIPLEX-RB-0622,Desktop,Intel Core i5-7500,32768,1024,Windows 10 Edu,WORKGROUP,Rambouillet,INFO,Salle 147,02:00:00:13:42:BF,2023-12-08,2028-12-06
6624742,ProDesk 400 G4,HPGPESBKUN,HP,PRODESK-RB-0623,Desktop,Intel Core i5-6500,32768,256,Windows 10 Edu,ADM.UVSQ,Rambouillet,R&T,Salle 105,02:00:00:09:7F:CA,2022-05-01,2025-04-30
1243848,Latitude 5490,DL7LFP8E7C,Dell,LATITUDE-VZ-0624,Laptop,Intel Core i7-8700,16384,512,Windows 11 Edu,PEDA.UVSQ,Vélizy,Bâtiment B,Salle 127,02:00:00:08:CA:51,2021-02-15,2026-02-14
7154781,ProOne 600 G5 AiO,HPDPS59YNF,HP,PROONE-VZ-0625,AiO,Intel Core i5-8250U,16384,512,Windows 10 Edu,WORKGROUP,Vélizy,R&T,Salle 142,02:00:00:1F:4D:02,2024-03-08,2029-03-07
2603710,Latitude 5490,DLFEGTT5BD,Dell,LATITUDE-VZ-0626,Laptop,Intel Core i5-6500,8192,256,Windows 11 Edu,ADM.UVSQ,Vélizy,R&T,Bureau 208,02:00:00:04:DF:3F,2019-01-27,2022-01-26
9077604,EliteDesk 800 G3,HPPEXNHEMY,HP,ELITEDESK-RB-0627,Desktop,Intel Core i5-7500,8192,256,Windows 10 Edu,PEDA.UVSQ,Rambouillet,Bâtiment A,Salle 118,02:00:00:30:D9:34,2023-01-14,2028-01-13
7986873,ProDesk 600 G3,HP8YTCQJRM,HP,PRODESK-RB-0628,Desktop,Intel Core i7-8650U,32768,256,Windows 10 Pro,PEDA.UVSQ,Rambouillet,Bâtiment A,Salle 104,02:00:00:50:82:BF,2017-04-24,2020-04-23
4767249,OptiPlex 7050,DL8NSPXZEC,Dell,OPTIPLEX-RB-0629,Desktop,Intel Core i5-7500,8192,1024,Windows 11 Pro,WORKGROUP,Rambouillet,MMI,Salle 157,02:00:00:06:E0:F6,2021-10-21,2026-10-20
9555630,ProOne 600 G5 AiO,HPYU9BZJQG,HP,PROONE-VZ-0630,AiO,Intel Core i7-8650U,4096,256,Windows 10 Pro,WORKGROUP,Vélizy,R&T,Bureau 218,02:00:00:61:7C:C7,2022-06-29,2027-06-28
7805150,OptiPlex 7060,DL9XXGAP3J,Dell,OPTIPLEX-VZ-0631,Desktop,Intel Core i5-7500,4096,512,Windows 11 Pro,ADM.UVSQ,Vélizy,INFO,Bureau 226,02:00:00:14:1E:0C,2019-11-01,2022-10-31
4249737,OptiPlex 7060,DLGKVMWBZ6,Dell,OPTIPLEX-RB-0632,Desktop,Intel Core i5-6500,4096,512,Windows 10 Pro,PEDA.UVSQ,Rambouillet,INFO,Bureau 227,02:00:00:69:4D:23,2019-07-07,2023-07-06
4544647,ProDesk 600 G3,HPFM2K7D3B,HP,PRODESK-RB-0633,Desktop,Intel Core i5-8250U,16384,512,Windows 10 Pro,PEDA.UVSQ,Rambouillet,MMI,Salle 150,02:00:00:2C:2E:21,2020-11-04,2024-11-03
1838301,OptiPlex 9020,DL7RTNGZB3,Dell,OPTIPLEX-RB-0634,Desktop,Intel Core i5-8250U,16384,1024,Windows 11 Pro,PEDA.UVSQ,Rambouillet,GEII,Salle 149,02:00:00:31:25:D3,2020-06-17,2023-06-17
4828244,Latitude 5490,DLL2D3SSUA,Dell,LATITUDE-VZ-0635,Laptop,Intel Core i7-8650U,4096,256,Windows 10 Edu,PEDA.UVSQ,Vélizy,Bâtiment B,Salle 134,02:00:00:08:B7:16,2018-11-01,2022-10-31
6645089,OptiPlex 7070,DLK7TMUGXM,Dell,OPTIPLEX-VZ-0636,Desktop,Intel Core i5-8250U,32768,256,Windows 10 Edu,PEDA.UVSQ,Vélizy,MMI,Bureau 225,02:00:00:55:17:EB,2019-07-03,2024-07-01
9240032,OptiPlex 7050,DLZ97FNGBQ,Dell,OPTIPLEX-RB-0637,Desktop,Intel Core i5-7500,8192,512,Windows 10 Pro,PEDA.UVSQ,Rambouillet,INFO,Salle 154,02:00:00:7A:6F:9D,2021-04-20,2024-04-19
5614821,OptiPlex 7070,DLL7AGZUA8,Dell,OPTIPLEX-VZ-0638,Desktop,Intel Core i5-8250U,16384,256,Windows 11 Edu,ADM.UVSQ,Vélizy,Bâtiment B,Bureau 229,02:00:00:77:A2:83,2020-10-04,2024-10-03
3323774,Latitude 5490,DLW3BLCX2C,Dell,LATITUDE-VZ-0639,Laptop,Intel Core i5-6500,4096,512,Windows 11 Pro,PEDA.UVSQ,Vélizy,Bâtiment B,Bureau 215,02:00:00:53:A0:6F,2019-02-06,2022-02-05
9662646,OptiPlex 7070,DL3XC8BJF8,Dell,OPTIPLEX-RB-0640,Desktop,Intel Core i5-7500,4096,512,Windows 11 Pro,ADM.UVSQ,Rambouillet,MMI,Salle 144,02:00:00:2A:27:F9,2020-02-06,2023-02-05
1046172,ProDesk 400 G4,HPPZAJWPLE,HP,PRODESK-VZ-0641,Desktop,Intel Core i5-8250U,4096,512,Windows 11 Edu,PEDA.UVSQ,Vélizy,Bâtiment B,Salle 130,02:00:00:0C:0A:5A,2024-03-30,2028-03-29
6806167,OptiPlex 7070,DL82B3RJGG,Dell,OPTIPLEX-RB-0642,Desktop,Intel Core i5-8250U,32768,1024,Windows 11 Edu,ADM.UVSQ,Rambouillet,INFO,Salle 158,02:00:00:25:72:56,2019-06-23,2024-06-21
1740627,ProOne 600 G5 AiO,HPFAJQQ5LM,HP,PROONE-VZ-0643,AiO,Intel Core i5-6500,4096,1024,Windows 11 Pro,PEDA.UVSQ,Vélizy,Bâtiment A,Salle 146,02:00:00:1F:F1:F4,2019-07-16,2022-07-15
1964976,EliteDesk 800 G3,HPXZBVMUR9,HP,ELITEDESK-VZ-0644,Desktop,Intel Core i5-8250U,16384,256,Windows 10 Edu,ADM.UVSQ,Vélizy,INFO,Salle 146,02:00:00:71:70:F3,2020-05-12,2024-05-11
8956456,ThinkPad T480,LNR56P3ZHJ,Lenovo,THINKPAD-VZ-0645,Laptop,Intel Core i5-7500,16384,256,Windows 10 Pro,ADM.UVSQ,Vélizy,GEII,Salle 106,02:00:00:25:23:E9,2023-11-16,2026-11-15
1075210,ProOne 600 G5 AiO,HP4564HFSC,HP,PROONE-RB-0646,AiO,Intel Core i7-8650U,4096,512,Windows 11 Edu,WORKGROUP,Rambouillet,R&T,Bureau 202,02:00:00:06:23:E4,2023-11-10,2028-11-08
1172164,All-in-One 24-df,HPPVWPVGYH,HP,ALLINONE-RB-0647,AiO,Intel Core i5-10400,4096,512,Windows 11 Pro,PEDA.UVSQ,Rambouillet,GEII,Salle 118,02:00:00:3E:80:1B,2024-09-26,2029-09-25
9591200,EliteDesk 800 G3,HPY68MCB64,HP,ELITEDESK-VZ-0648,Desktop,Intel Core i5-7500,8192,1024,Windows 11 Edu,WORKGROUP,Vélizy,Bâtiment A,Bureau 208,02:00:00:2C:76:BC,2017-07-19,2021-07-18
8219330,Latitude 5490,DLN52Q7C7K,Dell,LATITUDE-VZ-0649,Laptop,Intel Core i5-8250U,8192,256,Windows 10 Pro,ADM.UVSQ,Vélizy,R&T,Salle 130,02:00:00:65:8E:09,2017-02-14,2020-02-14
4435687,OptiPlex 7070,DLXNXYBX5A,Dell,OPTIPLEX-RB-0650,Desktop,Intel Core i7-8700,16384,1024,Windows 10 Pro,ADM.UVSQ,Rambouillet,Bâtiment A,Salle 159,02:00:00:27:81:7E,2021-06-22,2025-06-21
6262597,Latitude 5490,DLYHR239RA,Dell,LATITUDE-VZ-0651,Laptop,Intel Core i5-6500,8192,256,Windows 10 Edu,ADM.UVSQ,Vélizy,Bâtiment B,Salle 123,02:00:00:61:31:90,2019-11-19,2024-11-17
4911977,EliteDesk 800 G3,HPACZVFC6B,HP,ELITEDESK-RB-0652,Desktop,Intel Core i5-6500,32768,256,Windows 10 Edu,WORKGROUP,Rambouillet,INFO,Bureau 228,02:00:00:1D:7B:CA,2023-03-18,2026-03-17
1033783,Latitude 5490,DLDY6JRJSL,Dell,LATITUDE-RB-0653,Laptop,Intel Core i7-8650U,32768,512,Windows 11 Edu,PEDA.UVSQ,Rambouillet,MMI,Bureau 225,02:00:00:1C:39:58,2018-11-25,2023-11-24
3955800,OptiPlex 7070,DLZLCWAW7Z,Dell,OPTIPLEX-VZ-0654,Desktop,Intel Core i5-10400,16384,512,Windows 11 Edu,ADM.UVSQ,Vélizy,GEII,Salle 139,02:00:00:1C:21:EE,2023-10-13,2026-10-12
4183957,ProDesk 600 G3,HPP5R4BFPC,HP,PRODESK-RB-0655,Desktop,Intel Core i5-10400,32768,256,Windows 11 Pro,ADM.UVSQ,Rambouillet,R&T,Salle 151,02:00:00:13:71:AE,2024-01-15,2028-01-14
5213328,EliteDesk 800 G3,HPYYF29GBL,HP,ELITEDESK-RB-0656,Desktop,Intel Core i7-8650U,16384,1024,Windows 10 Edu,ADM.UVSQ,Rambouillet,Bâtiment B,Salle 151,02:00:00:11:7E:91,2021-07-08,2026-07-07
4441188,OptiPlex 7050,DLEATC48QV,Dell,OPTIPLEX-RB-0657,Desktop,Intel Core i7-8650U,32768,512,Windows 10 Pro,PEDA.UVSQ,Rambouillet,MMI,Salle 155,02:00:00:42:4E:6C,2020-08-22,2024-08-21
2319957,ProOne 600 G5 AiO,HPRUT6KKU6,HP,PROONE-RB-0658,AiO,Intel Core i7-8650U,32768,256,Windows 11 Edu,PEDA.UVSQ,Rambouillet,MMI,Salle 119,02:00:00:1E:28:AA,2017-03-26,2022-03-25
3068049,ProDesk 600 G3,HPRY53Z5FA,HP,PRODESK-RB-0659,Desktop,Intel Core i5-8250U,16384,256,Windows 10 Edu,ADM.UVSQ,Rambouillet,MMI,Salle 120,02:00:00:1A:F3:AA,2021-05-12,2025-05-11
7151084,OptiPlex 7060,DL828S7KTN,Dell,OPTIPLEX-RB-0660,Desktop,Intel Core i5-7500,32768,1024,Windows 11 Edu,PEDA.UVSQ,Rambouillet,R&T,Salle 143,02:00:00:0F:C5:4A,2019-04-11,2024-04-09
7270760,OptiPlex 7070,DL952HHGUH,Dell,OPTIPLEX-VZ-0661,Desktop,Intel Core i7-8700,8192,256,Windows 10 Pro,ADM.UVSQ,Vélizy,Bâtiment A,Bureau 215,02:00:00:6A:54:77,2024-04-12,2027-04-12
4407464,OptiPlex 7060,DLLXACUWTH,Dell,OPTIPLEX-RB-0662,Desktop,Intel Core i5-7500,32768,256,Windows 10 Edu,WORKGROUP,Rambouillet,INFO,Salle 104,02:00:00:0C:55:DB,2017-12-10,2020-12-09
3971189,ProDesk 600 G3,HPDZESSGE4,HP,PRODESK-VZ-0663,Desktop,Intel Core i7-8650U,4096,1024,Windows 10 Pro,PEDA.UVSQ,Vélizy,Bâtiment A,Bureau 215,02:00:00:02:A3:39,2022-06-03,2026-06-02
7145188,ProDesk 400 G4,HPB969B4M7,HP,PRODESK-VZ-0664,Desktop,Intel Core i7-8700,16384,1024,Windows 10 Pro,PEDA.UVSQ,Vélizy,INFO,Salle 106,02:00:00:61:63:BC,2024-10-06,2029-10-05
2170135,OptiPlex 7060,DLMKLE2PSH,Dell,OPTIPLEX-VZ-0665,Desktop,Intel Core i7-8650U,8192,1024,Windows 10 Pro,WORKGROUP,Vélizy,INFO,Bureau 206,02:00:00:06:0B:9B,2020-03-10,2023-03-10
4771999,OptiPlex 7060,DL32GUHRR8,Dell,OPTIPLEX-VZ-0666,Desktop,Intel Core i5-10400,4096,1024,Windows 11 Edu,PEDA.UVSQ,Vélizy,Bâtiment A,Salle 135,02:00:00:0D:F2:23,2023-07-19,2027-07-18
4439267,ProDesk 600 G3,HP8WNCQ49N,HP,PRODESK-VZ-0667,Desktop,Intel Core i5-6500,8192,512,Windows 11 Edu,ADM.UVSQ,Vélizy,R&T,Bureau 215,02:00:00:26:AE:6B,2024-08-04,2027-08-04
5781997,OptiPlex 9020,DLDLSYYDK5,Dell,OPTIPLEX-RB-0668,Desktop,Intel Core i5-8250U,16384,256,Windows 11 Edu,WORKGROUP,Rambouillet,GEII,Salle 121,02:00:00:33:0B:A1,2021-05-07,2025-05-06
7014384,Latitude 5490,DLHREZT9YN,Dell,LATITUDE-RB-0669,Laptop,Intel Core i5-7500,16384,1024,Windows 11 Pro,PEDA.UVSQ,Rambouillet,MMI,Bureau 210,02:00:00:45:93:02,2024-12-08,2028-12-07
3036993,ProOne 600 G5 AiO,HPHC79E8T7,HP,PROONE-RB-0670,AiO,Intel Core i5-6500,8192,512,Windows 10 Edu,ADM.UVSQ,Rambouillet,R&T,Salle 147,02:00:00:70:B7:F0,2017-03-14,2020-03-13
5938184,Latitude 5490,DLX22DE8V6,Dell,LATITUDE-VZ-0671,Laptop,Intel Core i5-10400,16384,256,Windows 11 Pro,PEDA.UVSQ,Vélizy,MMI,Bureau 228,02:00:00:01:55:B0,2024-04-27,2029-04-26
5854344,ThinkCentre M720,LNGZ4D6YZC,Lenovo,THINKCENTRE-RB-0672,Desktop,Intel Core i5-8250U,4096,256,Windows 10 Pro,WORKGROUP,Rambouillet,INFO,Salle 124,02:00:00:40:8D:49,2019-07-06,2024-07-04
5793282,ProDesk 600 G3,HPF4DKXMSJ,HP,PRODESK-VZ-0673,Desktop,Intel Core i7-8650U,16384,256,Windows 11 Edu,PEDA.UVSQ,Vélizy,GEII,Salle 133,02:00:00:7B:CE:4F,2022-06-13,2025-06-12
3410590,ProOne 600 G5 AiO,HPPWUT79AE,HP,PROONE-VZ-0674,AiO,Intel Core i5-6500,16384,512,Windows 10 Edu,PEDA.UVSQ,Vélizy,INFO,Salle 121,02:00:00:72:A3:EE,2019-03-01,2024-02-28
1854307,ThinkPad T480,LNUFWR4WSR,Lenovo,THINKPAD-VZ-0675,Laptop,Intel Core i5-7500,32768,512,Windows 10 Pro,WORKGROUP,Vélizy,MMI,Salle 109,02:00:00:55:6F:CC,2018-09-18,2023-09-17
1840263,OptiPlex 7070,DLPMYY5L46,Dell,OPTIPLEX-RB-0676,Desktop,Intel Core i5-8250U,4096,256,Windows 11 Edu,ADM.UVSQ,Rambouillet,GEII,Bureau 227,02:00:00:0A:A1:62,2019-07-09,2024-07-07
9999203,EliteDesk 800 G3,HPAT3GUXAP,HP,ELITEDESK-RB-0677,Desktop,Intel Core i5-7500,32768,256,Windows 11 Pro,WORKGROUP,Rambouillet,Bâtiment B,Salle 148,02:00:00:5A:CA:F0,2020-07-15,2025-07-14
1575154,ProDesk 600 G3,HP6GU3KLBR,HP,PRODESK-RB-0678,Desktop,Intel Core i7-8700,32768,256,Windows 10 Edu,ADM.UVSQ,Rambouillet,GEII,Bureau 221,02:00:00:6C:20:BE,2019-10-22,2024-10-20
7251125,OptiPlex 7060,DLK8ZY27V9,Dell,OPTIPLEX-RB-0679,Desktop,Intel Core i7-8700,8192,512,Windows 10 Pro,WORKGROUP,Rambouillet,INFO,Salle 123,02:00:00:20:4A:E7,2018-12-04,2023-12-03
2557498,All-in-One 24-df,HPZP8LPHBK,HP,ALLINONE-RB-0680,AiO,Intel Core i7-8650U,32768,512,Windows 11 Pro,PEDA.UVSQ,Rambouillet,INFO,Salle 158,02:00:00:24:25:66,2019-12-08,2024-12-06
6601629,ThinkCentre M720,LNWLRGTXAA,Lenovo,THINKCENTRE-RB-0681,Desktop,Intel Core i5-7500,4096,512,Windows 10 Pro,WORKGROUP,Rambouillet,Bâtiment B,Salle 107,02:00:00:5A:DA:72,2021-10-24,2025-10-23
5903442,OptiPlex 7070,DLHG37SFJC,Dell,OPTIPLEX-VZ-0682,Desktop,Intel Core i5-8250U,4096,1024,Windows 11 Pro,ADM.UVSQ,Vélizy,R&T,Bureau 202,02:00:00:3F:E4:1C,2021-06-30,2024-06-29
7777730,OptiPlex 9020,DLWN8Z57VQ,Dell,OPTIPLEX-VZ-0683,Desktop,Intel Core i5-7500,8192,512,Windows 11 Pro,PEDA.UVSQ,Vélizy,GEII,Bureau 225,02:00:00:34:C0:68,2017-05-04,2022-05-03
2680869,OptiPlex 7070,DLAS3H4K2H,Dell,OPTIPLEX-RB-0684,Desktop,Intel Core i5-7500,4096,256,Windows 10 Pro,ADM.UVSQ,Rambouillet,GEII,Salle 108,02:00:00:0F:87:E2,2023-01-18,2026-01-17
3606308,Latitude 5490,DLDWE98R6T,Dell,LATITUDE-RB-0685,Laptop,Intel Core i5-10400,4096,512,Windows 10 Pro,PEDA.UVSQ,Rambouillet,Bâtiment B,Salle 112,02:00:00:3D:A4:87,2017-01-08,2022-01-07
2067724,OptiPlex 7050,DLZKKRP5DL,Dell,OPTIPLEX-RB-0686,Desktop,Intel Core i5-7500,32768,1024,Windows 10 Edu,WORKGROUP,Rambouillet,GEII,Bureau 216,02:00:00:71:27:DA,2019-10-06,2023-10-05
4584558,Latitude 5490,DLM56BYFU7,Dell,LATITUDE-RB-0687,Laptop,Intel Core i5-10400,8192,256,Windows 11 Pro,PEDA.UVSQ,Rambouillet,Bâtiment B,Salle 114,02:00:00:34:30:DA,2017-02-09,2022-02-08
4145058,OptiPlex 9020,DLXFHLCCBH,Dell,OPTIPLEX-VZ-0688,Desktop,Intel Core i5-10400,4096,256,Windows 11 Edu,ADM.UVSQ,Vélizy,MMI,Salle 153,02:00:00:15:AE:89,2024-06-08,2027-06-08
8942036,ProDesk 400 G4,HP9342PTNC,HP,PRODESK-VZ-0689,Desktop,Intel Core i5-6500,32768,1024,Windows 11 Pro,PEDA.UVSQ,Vélizy,Bâtiment A,Salle 136,02:00:00:54:55:4C,2018-12-20,2022-12-19
2215990,ThinkCentre M720,LNEKDFPNJP,Lenovo,THINKCENTRE-VZ-0690,Desktop,Intel Core i7-8650U,32768,1024,Windows 11 Pro,PEDA.UVSQ,Vélizy,R&T,Bureau 210,02:00:00:08:76:93,2023-11-09,2028-11-07
6352971,Latitude 5490,DL9JKN7KXB,Dell,LATITUDE-VZ-0691,Laptop,Intel Core i7-8650U,16384,1024,Windows 11 Edu,WORKGROUP,Vélizy,GEII,Bureau 207,02:00:00:31:ED:34,2023-10-10,2026-10-09
5082570,EliteDesk 800 G3,HPWRT4P6FW,HP,ELITEDESK-RB-0692,Desktop,Intel Core i7-8650U,8192,512,Windows 11 Edu,ADM.UVSQ,Rambouillet,MMI,Salle 120,02:00:00:2E:66:F4,2019-03-31,2022-03-30
5954186,OptiPlex 7060,DLU3PJGFYZ,Dell,OPTIPLEX-RB-0693,Desktop,Intel Core i5-7500,32768,256,Windows 10 Edu,ADM.UVSQ,Rambouillet,Bâtiment A,Salle 155,02:00:00:57:B9:5F,2018-11-13,2023-11-12
9060914,ThinkCentre M720,LNKTL7CZ7E,Lenovo,THINKCENTRE-RB-0694,Desktop,Intel Core i7-8700,32768,1024,Windows 11 Pro,PEDA.UVSQ,Rambouillet,Bâtiment B,Bureau 224,02:00:00:58:11:4D,2017-06-20,2020-06-19
6665604,OptiPlex 7050,DLW5BC6BGY,Dell,OPTIPLEX-RB-0695,Desktop,Intel Core i5-6500,8192,256,Windows 10 Pro,ADM.UVSQ,Rambouillet,R&T,Salle 106,02:00:00:55:BF:6E,2017-07-22,2022-07-21
1893512,ProOne 600 G5 AiO,HPG79KPSX3,HP,PROONE-VZ-0696,AiO,Intel Core i5-8250U,4096,1024,Windows 10 Edu,PEDA.UVSQ,Vélizy,GEII,Salle 126,02:00:00:43:38:99,2020-06-26,2025-06-25
1780024,ThinkCentre M910,LNG35NXAG7,Lenovo,THINKCENTRE-VZ-0697,Desktop,Intel Core i5-6500,32768,512,Windows 11 Pro,PEDA.UVSQ,Vélizy,Bâtiment B,Salle 148,02:00:00:4A:49:30,2022-12-07,2027-12-06
5572534,EliteDesk 800 G3,HPG24QC87M,HP,ELITEDESK-VZ-0698,Desktop,Intel Core i5-10400,4096,1024,Windows 11 Edu,ADM.UVSQ,Vélizy,Bâtiment A,Salle 130,02:00:00:73:DB:AD,2019-03-20,2022-03-19
7216066,OptiPlex 7050,DLP4NV3ATH,Dell,OPTIPLEX-VZ-0699,Desktop,Intel Core i7-8700,16384,1024,Windows 11 Edu,ADM.UVSQ,Vélizy,MMI,Salle 120,02:00:00:32:20:A3,2020-06-03,2024-06-02
9060529,OptiPlex 7070,DLZ6WEJVSD,Dell,OPTIPLEX-RB-0700,Desktop,Intel Core i5-10400,8192,1024,Windows 11 Pro,WORKGROUP,Rambouillet,R&T,Salle 152,02:00:00:74:AE:2A,2019-05-01,2024-04-29
3148150,OptiPlex 7060,DLXK7B5L3D,Dell,OPTIPLEX-RB-0701,Desktop,Intel Core i7-8700,32768,1024,Windows 11 Pro,ADM.UVSQ,Rambouillet,R&T,Salle 116,02:00:00:5C:6D:D7,2022-01-12,2027-01-11
6662696,ThinkCentre M720,LNUT3X9KA4,Lenovo,THINKCENTRE-VZ-0702,Desktop,Intel Core i5-10400,4096,512,Windows 10 Edu,PEDA.UVSQ,Vélizy,INFO,Bureau 229,02:00:00:34:1D:1C,2020-03-18,2023-03-18
2539512,ProOne 600 G5 AiO,HPUZASWSVS,HP,PROONE-RB-0703,AiO,Intel Core i7-8650U,16384,512,Windows 11 Edu,WORKGROUP,Rambouillet,GEII,Salle 120,02:00:00:63:22:2F,2019-12-31,2024-12-29
2811725,OptiPlex 9020,DL6PGNRY4F,Dell,OPTIPLEX-RB-0704,Desktop,Intel Core i5-10400,32768,512,Windows 10 Edu,WORKGROUP,Rambouillet,Bâtiment A,Salle 138,02:00:00:43:F8:DB,2019-07-14,2024-07-12
1459732,ThinkPad T480,LNKJAJXT76,Lenovo,THINKPAD-VZ-0705,Laptop,Intel Core i5-10400,32768,512,Windows 11 Pro,ADM.UVSQ,Vélizy,R&T,Salle 157,02:00:00:25:4A:DC,2022-08-28,2025-08-27
6919198,OptiPlex 7070,DLS6JKHN8G,Dell,OPTIPLEX-VZ-0706,Desktop,Intel Core i7-8650U,32768,256,Windows 10 Pro,PEDA.UVSQ,Vélizy,R&T,Bureau 222,02:00:00:5C:F1:2F,2022-04-03,2026-04-02
7777836,ThinkPad T480,LNYXLZ4LLX,Lenovo,THINKPAD-RB-0707,Laptop,Intel Core i7-8650U,4096,1024,Windows 10 Edu,ADM.UVSQ,Rambouillet,GEII,Salle 106,02:00:00:27:30:9E,2019-01-17,2023-01-16
9013928,OptiPlex 7050,DLWWBALTZ6,Dell,OPTIPLEX-RB-0708,Desktop,Intel Core i5-10400,32768,1024,Windows 10 Pro,ADM.UVSQ,Rambouillet,GEII,Bureau 212,02:00:00:27:53:BC,2023-07-15,2026-07-14
7009602,OptiPlex 7060,DLFWMHZ987,Dell,OPTIPLEX-VZ-0709,Desktop,Intel Core i5-6500,16384,512,Windows 11 Edu,PEDA.UVSQ,Vélizy,MMI,Salle 130,02:00:00:32:F5:C8,2024-09-21,2029-09-20
9174387,ProDesk 600 G3,HP3ZCSMNZT,HP,PRODESK-RB-0710,Desktop,Intel Core i5-7500,32768,256,Windows 11 Pro,ADM.UVSQ,Rambouillet,MMI,Bureau 210,02:00:00:27:EC:55,2019-03-25,2024-03-23
3381341,All-in-One 24-df,HPBXYJYJRY,HP,ALLINONE-RB-0711,AiO,Intel Core i7-8700,16384,1024,Windows 10 Pro,PEDA.UVSQ,Rambouillet,R&T,Salle 158,02:00:00:11:0F:DD,2023-11-10,2028-11-08
4738619,OptiPlex 9020,DLT8PNBD7Y,Dell,OPTIPLEX-RB-0712,Desktop,Intel Core i5-10400,32768,512,Windows 11 Pro,WORKGROUP,Rambouillet,GEII,Salle 141,02:00:00:55:43:BB,2021-09-30,2024-09-29
1438630,OptiPlex 7050,DL9V7T5DEU,Dell,OPTIPLEX-VZ-0713,Desktop,Intel Core i5-6500,4096,256,Windows 10 Edu,PEDA.UVSQ,Vélizy,Bâtiment A,Bureau 215,02:00:00:35:EE:70,2021-04-26,2026-04-25
5550935,EliteDesk 800 G3,HP6CA5L2NM,HP,ELITEDESK-RB-0714,Desktop,Intel Core i5-10400,32768,1024,Windows 10 Edu,PEDA.UVSQ,Rambouillet,MMI,Salle 155,02:00:00:51:35:72,2019-06-10,2022-06-09
1877407,Latitude 5490,DLNR38YZ3U,Dell,LATITUDE-VZ-0715,Laptop,Intel Core i5-7500,16384,1024,Windows 10 Pro,WORKGROUP,Vélizy,R&T,Bureau 226,02:00:00:5F:58:75,2018-06-06,2022-06-05
8552241,OptiPlex 7070,DLUCZWYWUD,Dell,OPTIPLEX-RB-0716,Desktop,Intel Core i5-7500,4096,1024,Windows 10 Pro,ADM.UVSQ,Rambouillet,Bâtiment B,Salle 150,02:00:00:49:09:E5,2020-07-05,2023-07-05
1830158,OptiPlex 7070,DL83GBHLR3,Dell,OPTIPLEX-VZ-0717,Desktop,Intel Core i7-8650U,32768,1024,Windows 10 Edu,PEDA.UVSQ,Vélizy,Bâtiment A,Salle 151,02:00:00:7A:9A:BD,2019-12-13,2023-12-12
1917795,ProOne 600 G5 AiO,HPPA726SC2,HP,PROONE-RB-0718,AiO,Intel Core i5-7500,8192,1024,Windows 11 Pro,PEDA.UVSQ,Rambouillet,Bâtiment A,Salle 158,02:00:00:15:62:1F,2018-08-27,2021-08-26
4952887,OptiPlex 7050,DLUGCBQ8MZ,Dell,OPTIPLEX-VZ-0719,Desktop,Intel Core i7-8700,8192,512,Windows 10 Edu,WORKGROUP,Vélizy,R&T,Bureau 227,02:00:00:02:C0:21,2022-07-11,2026-07-10
1703595,OptiPlex 7050,DLWZ8NF6K7,Dell,OPTIPLEX-VZ-0720,Desktop,Intel Core i5-8250U,16384,256,Windows 11 Pro,WORKGROUP,Vélizy,Bâtiment B,Salle 147,02:00:00:06:34:F4,2020-03-01,2025-02-28
7428070,OptiPlex 9020,DL9EV2JCPA,Dell,OPTIPLEX-VZ-0721,Desktop,Intel Core i7-8650U,8192,1024,Windows 11 Edu,PEDA.UVSQ,Vélizy,R&T,Salle 151,02:00:00:65:A8:37,2021-07-18,2025-07-17
1624018,OptiPlex 7060,DL77HDG6SX,Dell,OPTIPLEX-VZ-0722,Desktop,Intel Core i5-7500,16384,256,Windows 10 Edu,PEDA.UVSQ,Vélizy,Bâtiment B,Salle 139,02:00:00:34:05:8D,2022-02-09,2026-02-08
5864226,ProDesk 400 G4,HPPBRTHRPE,HP,PRODESK-VZ-0723,Desktop,Intel Core i5-10400,16384,512,Windows 10 Pro,WORKGROUP,Vélizy,Bâtiment A,Bureau 218,02:00:00:12:69:6A,2021-02-12,2024-02-12
1848565,OptiPlex 7070,DLKMAU53SZ,Dell,OPTIPLEX-VZ-0724,Desktop,Intel Core i5-7500,32768,256,Windows 10 Pro,PEDA.UVSQ,Vélizy,R&T,Salle 104,02:00:00:4A:BB:16,2017-04-24,2022-04-23
6881972,All-in-One 24-df,HPHDX45JZQ,HP,ALLINONE-VZ-0725,AiO,Intel Core i5-6500,32768,256,Windows 11 Pro,WORKGROUP,Vélizy,GEII,Salle 127,02:00:00:01:10:EB,2019-07-14,2023-07-13
9754314,OptiPlex 7060,DLM624HQRE,Dell,OPTIPLEX-RB-0726,Desktop,Intel Core i5-7500,16384,512,Windows 10 Pro,PEDA.UVSQ,Rambouillet,Bâtiment A,Salle 154,02:00:00:03:D0:ED,2024-08-01,2028-07-31
3763187,OptiPlex 7050,DLEPS93C32,Dell,OPTIPLEX-RB-0727,Desktop,Intel Core i5-7500,8192,512,Windows 11 Edu,PEDA.UVSQ,Rambouillet,Bâtiment A,Salle 123,02:00:00:4B:6B:36,2019-01-07,2024-01-06
8629621,EliteDesk 800 G3,HPEY63XH72,HP,ELITEDESK-VZ-0728,Desktop,Intel Core i5-10400,4096,1024,Windows 10 Edu,PEDA.UVSQ,Vélizy,GEII,Salle 148,02:00:00:01:8D:56,2022-08-10,2027-08-09
6220620,ProDesk 400 G4,HPJK3LC5T7,HP,PRODESK-RB-0729,Desktop,Intel Core i5-10400,32768,1024,Windows 11 Edu,ADM.UVSQ,Rambouillet,R&T,Salle 108,02:00:00:1F:55:54,2021-10-30,2024-10-29
6617485,OptiPlex 7060,DL8L9BBXFA,Dell,OPTIPLEX-RB-0730,Desktop,Intel Core i7-8650U,32768,256,Windows 11 Pro,WORKGROUP,Rambouillet,R&T,Salle 118,02:00:00:20:2B:13,2019-03-28,2022-03-27
2042323,Latitude 5490,DL4RPA4WBE,Dell,LATITUDE-RB-0731,Laptop,Intel Core i7-8650U,32768,1024,Windows 11 Edu,WORKGROUP,Rambouillet,GEII,Salle 116,02:00:00:7C:B7:D7,2019-08-04,2024-08-02
4839784,OptiPlex 7070,DLAUM33N7F,Dell,OPTIPLEX-VZ-0732,Desktop,Intel Core i5-10400,32768,1024,Windows 10 Pro,WORKGROUP,Vélizy,MMI,Salle 151,02:00:00:1D:E3:67,2018-03-11,2023-03-10
4736290,OptiPlex 7070,DLURRY75JT,Dell,OPTIPLEX-RB-0733,Desktop,Intel Core i7-8650U,8192,256,Windows 10 Pro,ADM.UVSQ,Rambouillet,R&T,Bureau 227,02:00:00:2E:99:E5,2021-07-11,2024-07-10
7698925,OptiPlex 7050,DL5FPSJGY3,Dell,OPTIPLEX-RB-0734,Desktop,Intel Core i7-8700,4096,1024,Windows 11 Edu,WORKGROUP,Rambouillet,R&T,Salle 146,02:00:00:5D:8D:ED,2020-03-15,2024-03-14
9003532,Latitude 5490,DLK8369PW4,Dell,LATITUDE-RB-0735,Laptop,Intel Core i5-7500,16384,256,Windows 11 Pro,PEDA.UVSQ,Rambouillet,INFO,Salle 151,02:00:00:11:42:02,2018-02-03,2022-02-02
8361541,Latitude 5490,DLRK8PST67,Dell,LATITUDE-VZ-0736,Laptop,Intel Core i7-8650U,4096,512,Windows 11 Edu,ADM.UVSQ,Vélizy,Bâtiment A,Bureau 201,02:00:00:2F:52:5E,2022-12-13,2026-12-12
1462497,OptiPlex 9020,DLMVNLVLNP,Dell,OPTIPLEX-VZ-0737,Desktop,Intel Core i5-8250U,32768,1024,Windows 11 Edu,PEDA.UVSQ,Vélizy,R&T,Salle 126,02:00:00:7E:2C:72,2020-07-26,2024-07-25
1816953,ThinkCentre M720,LNJWGUBTDA,Lenovo,THINKCENTRE-RB-0738,Desktop,Intel Core i5-10400,32768,1024,Windows 11 Edu,PEDA.UVSQ,Rambouillet,MMI,Salle 149,02:00:00:0E:37:CC,2017-03-09,2022-03-08
6812255,ProDesk 600 G3,HPEPE3NQVE,HP,PRODESK-VZ-0739,Desktop,Intel Core i7-8650U,8192,512,Windows 11 Edu,WORKGROUP,Vélizy,GEII,Salle 116,02:00:00:44:0D:EC,2023-10-27,2028-10-25
1974059,ProDesk 400 G4,HPLBWBUSJV,HP,PRODESK-VZ-0740,Desktop,Intel Core i5-7500,32768,512,Windows 10 Pro,WORKGROUP,Vélizy,R&T,Salle 134,02:00:00:73:55:E6,2019-06-01,2023-05-31
7869431,OptiPlex 7070,DLPB4LXSZJ,Dell,OPTIPLEX-RB-0741,Desktop,Intel Core i7-8650U,8192,1024,Windows 10 Edu,ADM.UVSQ,Rambouillet,GEII,Salle 123,02:00:00:6E:B7:EE,2022-09-29,2025-09-28
6699744,OptiPlex 7060,DL49RBX96U,Dell,OPTIPLEX-RB-0742,Desktop,Intel Core i5-6500,32768,1024,Windows 11 Pro,WORKGROUP,Rambouillet,MMI,Bureau 206,02:00:00:62:A1:73,2019-10-13,2022-10-12
7605140,OptiPlex 7060,DLU5PQENLJ,Dell,OPTIPLEX-VZ-0743,Desktop,Intel Core i7-8700,32768,256,Windows 11 Pro,PEDA.UVSQ,Vélizy,Bâtiment A,Salle 139,02:00:00:34:8F:39,2021-11-01,2026-10-31
9884799,Latitude 5490,DLYJZSX9CG,Dell,LATITUDE-RB-0744,Laptop,Intel Core i5-6500,4096,1024,Windows 10 Edu,ADM.UVSQ,Rambouillet,Bâtiment B,Salle 155,02:00:00:7E:22:6D,2023-07-14,2028-07-12
4440080,OptiPlex 9020,DLKM2L3Q6S,Dell,OPTIPLEX-VZ-0745,Desktop,Intel Core i5-10400,16384,512,Windows 10 Pro,PEDA.UVSQ,Vélizy,GEII,Salle 132,02:00:00:1F:60:D1,2021-06-23,2024-06-22
6962660,All-in-One 24-df,HPR3SLW3CX,HP,ALLINONE-VZ-0746,AiO,Intel Core i5-10400,32768,256,Windows 10 Pro,PEDA.UVSQ,Vélizy,Bâtiment A,Salle 140,02:00:00:31:AA:AE,2019-02-26,2022-02-25
8898847,OptiPlex 7060,DLYXTDJ79E,Dell,OPTIPLEX-VZ-0747,Desktop,Intel Core i5-7500,32768,1024,Windows 11 Pro,WORKGROUP,Vélizy,MMI,Salle 136,02:00:00:09:34:8A,2017-12-14,2022-12-13
1911106,OptiPlex 7060,DLFYSD3ZCN,Dell,OPTIPLEX-RB-0748,Desktop,Intel Core i5-6500,4096,512,Windows 10 Edu,ADM.UVSQ,Rambouillet,GEII,Salle 104,02:00:00:21:69:C1,2018-04-01,2021-03-31
1508568,ProDesk 400 G4,HPCJNMZ53E,HP,PRODESK-VZ-0749,Desktop,Intel Core i7-8700,32768,512,Windows 10 Pro,PEDA.UVSQ,Vélizy,R&T,Salle 114,02:00:00:08:23:AD,2023-03-24,2026-03-23
2981851,OptiPlex 7070,DLAS3FFBSX,Dell,OPTIPLEX-VZ-0750,Desktop,Intel Core i7-8700,8192,512,Windows 10 Edu,PEDA.UVSQ,Vélizy,MMI,Salle 109,02:00:00:21:DF:57,2023-01-07,2027-01-06
2433206,OptiPlex 7060,DLBAN9X53J,Dell,OPTIPLEX-RB-0751,Desktop,Intel Core i5-7500,16384,512,Windows 10 Edu,WORKGROUP,Rambouillet,MMI,Salle 106,02:00:00:02:09:12,2017-01-22,2022-01-21
2936833,OptiPlex 7070,DLS4RT9UMU,Dell,OPTIPLEX-VZ-0752,Desktop,Intel Core i7-8650U,8192,512,Windows 10 Pro,PEDA.UVSQ,Vélizy,INFO,Salle 118,02:00:00:2E:BA:AB,2017-09-09,2020-09-08
8627201,EliteDesk 800 G3,HPQU9R2TQN,HP,ELITEDESK-RB-0753,Desktop,Intel Core i5-8250U,16384,512,Windows 10 Pro,ADM.UVSQ,Rambouillet,INFO,Salle 126,02:00:00:5E:03:21,2017-02-16,2021-02-15
6117147,OptiPlex 7070,DL4K7TJRRC,Dell,OPTIPLEX-VZ-0754,Desktop,Intel Core i7-8700,8192,1024,Windows 10 Pro,ADM.UVSQ,Vélizy,R&T,Bureau 205,02:00:00:59:05:4C,2020-03-27,2023-03-27
7430252,OptiPlex 9020,DLFK69MMSH,Dell,OPTIPLEX-VZ-0755,Desktop,Intel Core i7-8650U,4096,256,Windows 10 Edu,PEDA.UVSQ,Vélizy,GEII,Salle 135,02:00:00:4A:ED:BF,2024-01-09,2029-01-07
5129906,Latitude 5490,DLNVPRZTUF,Dell,LATITUDE-VZ-0756,Laptop,Intel Core i7-8650U,8192,256,Windows 11 Edu,PEDA.UVSQ,Vélizy,R&T,Salle 138,02:00:00:49:09:96,2023-02-22,2026-02-21
7543524,OptiPlex 7050,DL9WQ7U688,Dell,OPTIPLEX-RB-0757,Desktop,Intel Core i5-8250U,8192,256,Windows 10 Edu,WORKGROUP,Rambouillet,Bâtiment B,Salle 105,02:00:00:3F:ED:D4,2021-11-20,2026-11-19
8029562,Latitude 5490,DLRBJ9V6R4,Dell,LATITUDE-RB-0758,Laptop,Intel Core i5-10400,16384,512,Windows 11 Edu,WORKGROUP,Rambouillet,Bâtiment B,Bureau 214,02:00:00:1F:87:E6,2018-06-14,2023-06-13
7488420,OptiPlex 7050,DLCXD9C4NQ,Dell,OPTIPLEX-RB-0759,Desktop,Intel Core i7-8700,32768,512,Windows 11 Pro,WORKGROUP,Rambouillet,R&T,Salle 152,02:00:00:12:B3:9F,2018-02-09,2022-02-08
9506657,ThinkCentre M910,LNFP2K3WSK,Lenovo,THINKCENTRE-RB-0760,Desktop,Intel Core i5-10400,4096,512,Windows 11 Pro,PEDA.UVSQ,Rambouillet,Bâtiment A,Salle 135,02:00:00:6D:AB:12,2022-12-25,2026-12-24
2193671,OptiPlex 7050,DLU22NNMKU,Dell,OPTIPLEX-RB-0761,Desktop,Intel Core i5-8250U,16384,512,Windows 11 Pro,PEDA.UVSQ,Rambouillet,MMI,Bureau 221,02:00:00:49:8C:1F,2024-08-13,2028-08-12
1866156,Latitude 5490,DLY4J23XPM,Dell,LATITUDE-RB-0762,Laptop,Intel Core i5-7500,32768,256,Windows 11 Pro,ADM.UVSQ,Rambouillet,GEII,Salle 124,02:00:00:4F:9A:8A,2017-12-05,2022-12-04
8891892,OptiPlex 7070,DLWA8G4DPX,Dell,OPTIPLEX-RB-0763,Desktop,Intel Core i5-8250U,16384,512,Windows 11 Edu,ADM.UVSQ,Rambouillet,GEII,Salle 143,02:00:00:72:36:A5,2024-03-17,2027-03-17
5622498,OptiPlex 9020,DLXGZDLC3A,Dell,OPTIPLEX-VZ-0764,Desktop,Intel Core i7-8700,16384,256,Windows 11 Pro,ADM.UVSQ,Vélizy,R&T,Bureau 217,02:00:00:09:03:3D,2022-06-02,2027-06-01
8121641,ProOne 600 G5 AiO,HPRW7D5EE3,HP,PROONE-VZ-0765,AiO,Intel Core i7-8700,32768,256,Windows 11 Edu,PEDA.UVSQ,Vélizy,INFO,Bureau 219,02:00:00:0F:BB:42,2024-01-11,2028-01-10
7401436,OptiPlex 7060,DLUKJBHTZV,Dell,OPTIPLEX-RB-0766,Desktop,Intel Core i5-8250U,16384,1024,Windows 10 Pro,WORKGROUP,Rambouillet,INFO,Bureau 223,02:00:00:6C:D2:8F,2022-09-16,2026-09-15
8326218,Latitude 5490,DLDVZH9X99,Dell,LATITUDE-VZ-0767,Laptop,Intel Core i5-7500,16384,256,Windows 10 Pro,WORKGROUP,Vélizy,Bâtiment B,Salle 118,02:00:00:7C:01:4C,2019-09-11,2022-09-10
7243950,OptiPlex 7060,DLDV6D5JRF,Dell,OPTIPLEX-RB-0768,Desktop,Intel Core i5-10400,32768,1024,Windows 11 Edu,PEDA.UVSQ,Rambouillet,R&T,Salle 102,02:00:00:1C:C2:87,2022-08-09,2025-08-08
2254372,ProOne 600 G5 AiO,HPUS346T46,HP,PROONE-VZ-0769,AiO,Intel Core i5-7500,4096,512,Windows 10 Pro,PEDA.UVSQ,Vélizy,Bâtiment B,Salle 118,02:00:00:5A:7A:77,2023-06-22,2026-06-21
2984011,OptiPlex 7060,DLHASA9RFA,Dell,OPTIPLEX-RB-0770,Desktop,Intel Core i5-10400,4096,1024,Windows 10 Pro,WORKGROUP,Rambouillet,GEII,Bureau 229,02:00:00:61:C5:0C,2020-02-04,2025-02-02
5811596,OptiPlex 9020,DL8G7RLB6A,Dell,OPTIPLEX-RB-0771,Desktop,Intel Core i5-10400,32768,512,Windows 10 Edu,PEDA.UVSQ,Rambouillet,R&T,Salle 120,02:00:00:48:5D:1B,2021-11-19,2025-11-18
4645346,All-in-One 24-df,HPAXZUUDAU,HP,ALLINONE-RB-0772,AiO,Intel Core i5-8250U,32768,1024,Windows 10 Pro,PEDA.UVSQ,Rambouillet,GEII,Salle 136,02:00:00:6D:61:08,2022-11-24,2025-11-23
1297918,Latitude 5490,DLM6DGXKNH,Dell,LATITUDE-RB-0773,Laptop,Intel Core i5-8250U,4096,1024,Windows 11 Edu,PEDA.UVSQ,Rambouillet,Bâtiment A,Salle 135,02:00:00:4A:0E:13,2019-02-17,2022-02-16
2206047,OptiPlex 7050,DLHDWBJA6R,Dell,OPTIPLEX-VZ-0774,Desktop,Intel Core i5-7500,16384,256,Windows 11 Pro,ADM.UVSQ,Vélizy,R&T,Salle 122,02:00:00:2C:29:17,2020-12-23,2024-12-22
2772627,OptiPlex 7060,DL86SA9B97,Dell,OPTIPLEX-RB-0775,Desktop,Intel Core i5-6500,32768,512,Windows 10 Edu,WORKGROUP,Rambouillet,Bâtiment B,Bureau 221,02:00:00:14:41:D2,2024-09-21,2029-09-20
2867544,EliteDesk 800 G3,HPQ78S3887,HP,ELITEDESK-VZ-0776,Desktop,Intel Core i5-6500,4096,512,Windows 10 Edu,ADM.UVSQ,Vélizy,INFO,Salle 106,02:00:00:1E:36:04,2017-11-22,2021-11-21
1883456,OptiPlex 7070,DL7ZSEE64U,Dell,OPTIPLEX-RB-0777,Desktop,Intel Core i5-8250U,32768,512,Windows 10 Pro,PEDA.UVSQ,Rambouillet,MMI,Bureau 204,02:00:00:3E:35:D0,2018-06-17,2023-06-16
8011446,ProOne 600 G5 AiO,HP4LCQNA8Q,HP,PROONE-VZ-0778,AiO,Intel Core i5-6500,8192,1024,Windows 11 Edu,ADM.UVSQ,Vélizy,Bâtiment A,Salle 145,02:00:00:60:57:99,2021-06-14,2026-06-13
5093091,ProDesk 600 G3,HPVJE9WTT3,HP,PRODESK-VZ-0779,Desktop,Intel Core i5-7500,4096,256,Windows 11 Pro,WORKGROUP,Vélizy,Bâtiment A,Salle 134,02:00:00:10:0E:D6,2022-06-29,2027-06-28
4167279,ProDesk 400 G4,HP7KF4DZX5,HP,PRODESK-RB-0780,Desktop,Intel Core i5-10400,32768,1024,Windows 10 Edu,WORKGROUP,Rambouillet,INFO,Salle 125,02:00:00:13:F0:B4,2017-08-28,2022-08-27
3463275,OptiPlex 9020,DLQPU5583E,Dell,OPTIPLEX-VZ-0781,Desktop,Intel Core i5-10400,32768,512,Windows 11 Pro,WORKGROUP,Vélizy,GEII,Salle 143,02:00:00:5C:6E:57,2021-05-26,2026-05-25
1701315,OptiPlex 7050,DLGFM2CS7Q,Dell,OPTIPLEX-RB-0782,Desktop,Intel Core i5-7500,8192,512,Windows 10 Edu,PEDA.UVSQ,Rambouillet,INFO,Salle 135,02:00:00:0F:70:97,2020-05-31,2024-05-30
5138806,ProDesk 400 G4,HP48EAPK2H,HP,PRODESK-RB-0783,Desktop,Intel Core i5-10400,4096,512,Windows 10 Edu,WORKGROUP,Rambouillet,GEII,Salle 105,02:00:00:67:E1:BF,2021-10-02,2025-10-01
2451764,ProOne 600 G5 AiO,HPHP8E6U53,HP,PROONE-VZ-0784,AiO,Intel Core i7-8700,8192,512,Windows 11 Edu,WORKGROUP,Vélizy,INFO,Salle 123,02:00:00:5C:65:A1,2023-10-06,2027-10-05
2390517,OptiPlex 9020,DLS5LM2L73,Dell,OPTIPLEX-VZ-0785,Desktop,Intel Core i7-8650U,4096,512,Windows 11 Edu,PEDA.UVSQ,Vélizy,Bâtiment B,Bureau 226,02:00:00:0B:58:4B,2017-12-09,2022-12-08
4816127,OptiPlex 9020,DL3ZWHJ7LD,Dell,OPTIPLEX-RB-0786,Desktop,Intel Core i7-8700,8192,512,Windows 10 Pro,WORKGROUP,Rambouillet,GEII,Salle 147,02:00:00:79:64:CA,2022-06-30,2025-06-29
5524155,Latitude 5490,DL4WEUMUQ2,Dell,LATITUDE-VZ-0787,Laptop,Intel Core i5-10400,16384,1024,Windows 10 Pro,ADM.UVSQ,Vélizy,INFO,Bureau 207,02:00:00:3A:E7:29,2017-11-16,2020-11-15
9600169,OptiPlex 7060,DLWF3UAPUV,Dell,OPTIPLEX-VZ-0788,Desktop,Intel Core i5-10400,4096,512,Windows 10 Pro,WORKGROUP,Vélizy,INFO,Bureau 213,02:00:00:52:AB:22,2020-02-25,2025-02-23
2174230,OptiPlex 7050,DLJ4ZBCBQN,Dell,OPTIPLEX-VZ-0789,Desktop,Intel Core i5-10400,4096,512,Windows 10 Pro,ADM.UVSQ,Vélizy,R&T,Salle 158,02:00:00:47:11:E7,2017-03-12,2022-03-11
9451063,OptiPlex 7050,DLL862LAAP,Dell,OPTIPLEX-RB-0790,Desktop,Intel Core i5-8250U,32768,512,Windows 10 Edu,WORKGROUP,Rambouillet,MMI,Salle 131,02:00:00:03:20:47,2017-07-20,2022-07-19
8291529,OptiPlex 7060,DL4FWWVMXJ,Dell,OPTIPLEX-VZ-0791,Desktop,Intel Core i7-8650U,16384,512,Windows 10 Pro,ADM.UVSQ,Vélizy,Bâtiment B,Salle 127,02:00:00:7C:36:ED,2017-02-22,2022-02-21
6391080,ProDesk 600 G3,HPZTREHFUH,HP,PRODESK-VZ-0792,Desktop,Intel Core i5-6500,8192,256,Windows 11 Edu,PEDA.UVSQ,Vélizy,Bâtiment A,Bureau 229,02:00:00:1A:35:27,2021-10-15,2024-10-14
7510503,Latitude 5490,DLY4NLULG5,Dell,LATITUDE-VZ-0793,Laptop,Intel Core i5-7500,4096,1024,Windows 10 Edu,WORKGROUP,Vélizy,MMI,Bureau 227,02:00:00:3B:1A:34,2022-12-15,2027-12-14
9396903,OptiPlex 9020,DLEWFMQN7H,Dell,OPTIPLEX-VZ-0794,Desktop,Intel Core i7-8650U,8192,256,Windows 11 Pro,ADM.UVSQ,Vélizy,Bâtiment A,Salle 132,02:00:00:1A:9A:AB,2023-06-09,2026-06-08
1425906,OptiPlex 7060,DL6VKX2DYC,Dell,OPTIPLEX-VZ-0795,Desktop,Intel Core i7-8650U,8192,256,Windows 10 Edu,PEDA.UVSQ,Vélizy,INFO,Bureau 213,02:00:00:48:B6:CA,2019-10-09,2024-10-07
8859807,OptiPlex 7050,DLE9E8EQ56,Dell,OPTIPLEX-VZ-0796,Desktop,Intel Core i7-8700,16384,512,Windows 10 Edu,WORKGROUP,Vélizy,GEII,Bureau 210,02:00:00:18:A6:36,2017-07-12,2022-07-11
4077423,ProOne 600 G5 AiO,HPNA9BJAJZ,HP,PROONE-RB-0797,AiO,Intel Core i7-8650U,4096,512,Windows 11 Pro,PEDA.UVSQ,Rambouillet,Bâtiment A,Salle 112,02:00:00:32:C4:0B,2023-06-20,2027-06-19
1890934,OptiPlex 7070,DLAWHGJXVM,Dell,OPTIPLEX-RB-0798,Desktop,Intel Core i5-10400,16384,1024,Windows 11 Pro,ADM.UVSQ,Rambouillet,GEII,Salle 119,02:00:00:60:48:62,2018-03-08,2023-03-07
3304838,OptiPlex 7050,DL5VV79QP9,Dell,OPTIPLEX-VZ-0799,Desktop,Intel Core i5-6500,16384,256,Windows 10 Edu,ADM.UVSQ,Vélizy,Bâtiment A,Bureau 213,02:00:00:4C:13:D0,2018-07-24,2022-07-23
6624831,OptiPlex 7060,DLQ9CY4CNE,Dell,OPTIPLEX-VZ-0800,Desktop,Intel Core i5-10400,4096,256,Windows 10 Pro,WORKGROUP,Vélizy,Bâtiment A,Salle 120,02:00:00:35:A9:CC,2021-11-15,2024-11-14
7404584,ThinkPad T480,LN8FFFK4FY,Lenovo,THINKPAD-VZ-0801,Laptop,Intel Core i7-8700,8192,1024,Windows 11 Pro,PEDA.UVSQ,Vélizy,R&T,Salle 134,02:00:00:06:BE:0B,2017-06-12,2022-06-11
6077512,All-in-One 24-df,HPPTTB2NSE,HP,ALLINONE-RB-0802,AiO,Intel Core i5-8250U,4096,256,Windows 10 Pro,WORKGROUP,Rambouillet,Bâtiment A,Bureau 222,02:00:00:07:38:25,2022-12-24,2027-12-23
8063693,OptiPlex 7070,DLQS3CMFRP,Dell,OPTIPLEX-VZ-0803,Desktop,Intel Core i7-8650U,4096,512,Windows 10 Edu,WORKGROUP,Vélizy,MMI,Salle 145,02:00:00:28:CC:43,2022-03-29,2025-03-28
3678420,All-in-One 24-df,HPU4YE2P9C,HP,ALLINONE-VZ-0804,AiO,Intel Core i7-8650U,32768,512,Windows 10 Pro,PEDA.UVSQ,Vélizy,R&T,Bureau 225,02:00:00:38:FF:25,2021-07-18,2024-07-17
2138688,OptiPlex 7050,DL9TPNHVCV,Dell,OPTIPLEX-RB-0805,Desktop,Intel Core i5-7500,8192,1024,Windows 11 Pro,ADM.UVSQ,Rambouillet,MMI,Salle 121,02:00:00:09:A1:4C,2021-12-13,2026-12-12
9699205,ProOne 600 G5 AiO,HPK87TJL6R,HP,PROONE-VZ-0806,AiO,Intel Core i5-10400,16384,256,Windows 10 Edu,ADM.UVSQ,Vélizy,INFO,Salle 157,02:00:00:37:1B:D3,2019-12-09,2024-12-07
4102996,OptiPlex 7050,DLDND5SCN8,Dell,OPTIPLEX-VZ-0807,Desktop,Intel Core i7-8650U,8192,256,Windows 11 Edu,PEDA.UVSQ,Vélizy,MMI,Salle 136,02:00:00:7C:E8:E9,2020-03-01,2025-02-28
3983996,Latitude 5490,DLUEXV8HMA,Dell,LATITUDE-RB-0808,Laptop,Intel Core i7-8700,4096,256,Windows 10 Edu,ADM.UVSQ,Rambouillet,MMI,Salle 118,02:00:00:58:ED:C9,2017-09-21,2021-09-20
8801526,ProDesk 400 G4,HPM7AT9V6K,HP,PRODESK-VZ-0809,Desktop,Intel Core i7-8650U,4096,256,Windows 11 Edu,PEDA.UVSQ,Vélizy,INFO,Bureau 223,02:00:00:23:DF:3D,2021-02-04,2024-02-04
7790853,ProDesk 600 G3,HPMT85FZMT,HP,PRODESK-VZ-0810,Desktop,Intel Core i5-6500,16384,256,Windows 10 Pro,WORKGROUP,Vélizy,R&T,Salle 113,02:00:00:57:66:A1,2019-01-08,2022-01-07
6794483,Latitude 5490,DLNAWN2KJJ,Dell,LATITUDE-VZ-0811,Laptop,Intel Core i7-8650U,32768,256,Windows 10 Pro,PEDA.UVSQ,Vélizy,INFO,Bureau 205,02:00:00:39:22:C8,2018-12-28,2021-12-27
4031640,OptiPlex 7050,DLGHABSEK5,Dell,OPTIPLEX-RB-0812,Desktop,Intel Core i5-8250U,32768,1024,Windows 10 Edu,WORKGROUP,Rambouillet,MMI,Bureau 206,02:00:00:05:B8:4D,2017-03-27,2020-03-26
5760334,EliteDesk 800 G3,HP5Q7C8JDZ,HP,ELITEDESK-VZ-0813,Desktop,Intel Core i5-8250U,8192,256,Windows 11 Edu,PEDA.UVSQ,Vélizy,INFO,Salle 110,02:00:00:19:8B:AC,2019-08-09,2023-08-08
5561189,OptiPlex 7050,DLSWPUN2RC,Dell,OPTIPLEX-RB-0814,Desktop,Intel Core i7-8650U,4096,256,Windows 10 Edu,PEDA.UVSQ,Rambouillet,Bâtiment A,Bureau 229,02:00:00:0B:B5:44,2020-07-28,2023-07-28
2240876,EliteDesk 800 G3,HPKU64K88D,HP,ELITEDESK-VZ-0815,Desktop,Intel Core i7-8650U,8192,256,Windows 11 Edu,PEDA.UVSQ,Vélizy,Bâtiment B,Salle 149,02:00:00:62:3A:47,2019-10-03,2022-10-02
4850676,Latitude 5490,DLEXG7MBJ3,Dell,LATITUDE-RB-0816,Laptop,Intel Core i7-8700,16384,1024,Windows 10 Edu,PEDA.UVSQ,Rambouillet,MMI,Salle 108,02:00:00:15:DF:02,2022-06-06,2026-06-05
6192851,OptiPlex 9020,DLG2CDZ9SV,Dell,OPTIPLEX-VZ-0817,Desktop,Intel Core i5-6500,32768,512,Windows 10 Pro,WORKGROUP,Vélizy,INFO,Bureau 209,02:00:00:75:88:37,2018-07-29,2021-07-28
1095818,OptiPlex 9020,DLYLAYRUV3,Dell,OPTIPLEX-RB-0818,Desktop,Intel Core i7-8700,4096,512,Windows 10 Pro,PEDA.UVSQ,Rambouillet,Bâtiment A,Salle 134,02:00:00:68:A7:F0,2020-05-08,2025-05-07
2138643,OptiPlex 7060,DLV34F7XW8,Dell,OPTIPLEX-VZ-0819,Desktop,Intel Core i5-8250U,16384,256,Windows 11 Edu,PEDA.UVSQ,Vélizy,GEII,Salle 134,02:00:00:6A:8F:33,2017-08-14,2020-08-13
2646358,OptiPlex 7070,DLNNRHY7LW,Dell,OPTIPLEX-RB-0820,Desktop,Intel Core i5-7500,8192,1024,Windows 11 Edu,PEDA.UVSQ,Rambouillet,R&T,Salle 147,02:00:00:29:62:5B,2024-11-05,2029-11-04
3769003,OptiPlex 7070,DLJXJQDBZE,Dell,OPTIPLEX-VZ-0821,Desktop,Intel Core i5-6500,32768,1024,Windows 11 Pro,PEDA.UVSQ,Vélizy,INFO,Bureau 220,02:00:00:23:E2:C8,2020-03-27,2025-03-26
8014294,OptiPlex 7070,DLKYV28EZZ,Dell,OPTIPLEX-VZ-0822,Desktop,Intel Core i5-10400,8192,512,Windows 10 Edu,ADM.UVSQ,Vélizy,R&T,Bureau 215,02:00:00:5C:4B:7D,2021-11-26,2024-11-25
3784790,OptiPlex 9020,DLKTKZCV4Q,Dell,OPTIPLEX-RB-0823,Desktop,Intel Core i5-7500,32768,1024,Windows 11 Pro,WORKGROUP,Rambouillet,Bâtiment A,Salle 158,02:00:00:40:23:33,2021-06-21,2024-06-20
3592459,EliteDesk 800 G3,HPDJ2GPY9R,HP,ELITEDESK-VZ-0824,Desktop,Intel Core i7-8650U,4096,256,Windows 10 Pro,PEDA.UVSQ,Vélizy,MMI,Bureau 226,02:00:00:28:83:0F,2022-04-17,2025-04-16
8929741,ProDesk 400 G4,HPXBLVLQR5,HP,PRODESK-VZ-0825,Desktop,Intel Core i7-8650U,4096,1024,Windows 10 Pro,ADM.UVSQ,Vélizy,Bâtiment A,Bureau 202,02:00:00:0B:96:5F,2018-03-19,2022-03-18
7759247,OptiPlex 7060,DL3JESUWZ5,Dell,OPTIPLEX-RB-0826,Desktop,Intel Core i5-6500,8192,256,Windows 10 Edu,WORKGROUP,Rambouillet,MMI,Bureau 206,02:00:00:7C:8C:43,2024-01-05,2027-01-04
3190853,OptiPlex 9020,DLFWPQ7YV2,Dell,OPTIPLEX-RB-0827,Desktop,Intel Core i5-10400,4096,1024,Windows 11 Edu,WORKGROUP,Rambouillet,R&T,Bureau 218,02:00:00:6F:B2:48,2017-03-02,2022-03-01
3069210,OptiPlex 7060,DLYWV57NVV,Dell,OPTIPLEX-RB-0828,Desktop,Intel Core i5-7500,8192,512,Windows 11 Pro,WORKGROUP,Rambouillet,Bâtiment B,Bureau 225,02:00:00:33:DA:EE,2020-01-09,2024-01-08
7448899,ProDesk 400 G4,HPTFFAZ3ZM,HP,PRODESK-RB-0829,Desktop,Intel Core i5-6500,8192,256,Windows 10 Pro,WORKGROUP,Rambouillet,INFO,Bureau 225,02:00:00:05:B1:E1,2019-09-08,2022-09-07
7198598,OptiPlex 7070,DL6DNQQ7WB,Dell,OPTIPLEX-VZ-0830,Desktop,Intel Core i5-7500,16384,256,Windows 10 Pro,WORKGROUP,Vélizy,MMI,Bureau 221,02:00:00:7E:F9:C0,2018-11-02,2022-11-01
4691168,ProDesk 600 G3,HPCNXHX7GS,HP,PRODESK-VZ-0831,Desktop,Intel Core i5-10400,8192,512,Windows 11 Pro,WORKGROUP,Vélizy,INFO,Salle 129,02:00:00:7D:51:DE,2019-06-30,2023-06-29
7097943,ProOne 600 G5 AiO,HPXBUAZME9,HP,PROONE-VZ-0832,AiO,Intel Core i5-8250U,32768,1024,Windows 10 Edu,ADM.UVSQ,Vélizy,MMI,Salle 133,02:00:00:2A:41:60,2019-05-27,2024-05-25
1390963,OptiPlex 7060,DLH7LDN4ZT,Dell,OPTIPLEX-VZ-0833,Desktop,Intel Core i7-8650U,8192,256,Windows 11 Pro,PEDA.UVSQ,Vélizy,Bâtiment A,Salle 140,02:00:00:2E:5C:77,2023-06-22,2028-06-20
5047421,OptiPlex 7050,DLGMJTP87D,Dell,OPTIPLEX-RB-0834,Desktop,Intel Core i5-8250U,8192,1024,Windows 10 Pro,WORKGROUP,Rambouillet,Bâtiment A,Salle 110,02:00:00:05:8F:3B,2022-05-20,2025-05-19
7120825,OptiPlex 7050,DLG9EL5N3A,Dell,OPTIPLEX-RB-0835,Desktop,Intel Core i7-8650U,32768,512,Windows 11 Edu,PEDA.UVSQ,Rambouillet,MMI,Salle 113,02:00:00:24:4F:4F,2023-07-18,2028-07-16
6290744,OptiPlex 9020,DL3BLUYY3E,Dell,OPTIPLEX-VZ-0836,Desktop,Intel Core i7-8650U,8192,1024,Windows 10 Edu,ADM.UVSQ,Vélizy,GEII,Salle 156,02:00:00:02:19:09,2018-07-02,2023-07-01
1276880,ThinkCentre M910,LNMQLK89M8,Lenovo,THINKCENTRE-RB-0837,Desktop,Intel Core i5-6500,16384,512,Windows 10 Edu,PEDA.UVSQ,Rambouillet,MMI,Salle 125,02:00:00:72:D4:D9,2017-04-01,2022-03-31
4182628,All-in-One 24-df,HPUTU4NC7Y,HP,ALLINONE-VZ-0838,AiO,Intel Core i7-8700,16384,1024,Windows 11 Edu,WORKGROUP,Vélizy,Bâtiment A,Salle 134,02:00:00:3F:E7:2F,2020-05-18,2025-05-17
5904655,All-in-One 24-df,HPHG9BKN5W,HP,ALLINONE-VZ-0839,AiO,Intel Core i5-7500,16384,256,Windows 10 Edu,PEDA.UVSQ,Vélizy,R&T,Bureau 211,02:00:00:0B:54:0B,2021-12-11,2025-12-10
7392308,EliteDesk 800 G3,HPE52C9TMA,HP,ELITEDESK-RB-0840,Desktop,Intel Core i5-8250U,8192,1024,Windows 10 Edu,PEDA.UVSQ,Rambouillet,R&T,Bureau 201,02:00:00:4B:06:82,2022-12-18,2027-12-17
4453748,ThinkCentre M720,LNUSWZXWV8,Lenovo,THINKCENTRE-RB-0841,Desktop,Intel Core i5-8250U,8192,256,Windows 10 Edu,PEDA.UVSQ,Rambouillet,GEII,Bureau 228,02:00:00:40:74:6E,2024-02-11,2027-02-10
6736120,ProOne 600 G5 AiO,HPQ9XDGXP8,HP,PROONE-VZ-0842,AiO,Intel Core i7-8650U,16384,256,Windows 11 Pro,WORKGROUP,Vélizy,Bâtiment B,Salle 152,02:00:00:0B:7B:0D,2022-07-15,2026-07-14
2091617,OptiPlex 7050,DLG75EGZZY,Dell,OPTIPLEX-RB-0843,Desktop,Intel Core i5-8250U,32768,512,Windows 10 Edu,ADM.UVSQ,Rambouillet,R&T,Bureau 227,02:00:00:2F:FC:E6,2021-04-09,2024-04-08
9440725,OptiPlex 7050,DL5P75Q8B5,Dell,OPTIPLEX-VZ-0844,Desktop,Intel Core i5-8250U,8192,1024,Windows 11 Edu,ADM.UVSQ,Vélizy,Bâtiment A,Bureau 208,02:00:00:0C:8E:76,2018-11-20,2021-11-19
8194821,OptiPlex 9020,DLYW9VSAF9,Dell,OPTIPLEX-RB-0845,Desktop,Intel Core i5-8250U,4096,256,Windows 10 Pro,ADM.UVSQ,Rambouillet,MMI,Bureau 207,02:00:00:27:36:44,2020-06-24,2024-06-23
4671197,ThinkCentre M910,LN682RZTA3,Lenovo,THINKCENTRE-VZ-0846,Desktop,Intel Core i5-6500,32768,256,Windows 10 Edu,PEDA.UVSQ,Vélizy,INFO,Bureau 229,02:00:00:42:F0:C4,2021-02-15,2024-02-15
1318342,OptiPlex 7050,DLMRGWJEG8,Dell,OPTIPLEX-VZ-0847,Desktop,Intel Core i7-8650U,8192,512,Windows 11 Pro,PEDA.UVSQ,Vélizy,MMI,Salle 151,02:00:00:37:21:1F,2024-07-02,2029-07-01
3200855,ProOne 600 G5 AiO,HPANYUVDR7,HP,PROONE-RB-0848,AiO,Intel Core i5-6500,16384,256,Windows 11 Pro,PEDA.UVSQ,Rambouillet,GEII,Salle 131,02:00:00:47:27:62,2018-02-05,2023-02-04
5193299,OptiPlex 7070,DLWPWVKXWS,Dell,OPTIPLEX-RB-0849,Desktop,Intel Core i5-6500,16384,1024,Windows 10 Edu,ADM.UVSQ,Rambouillet,INFO,Salle 122,02:00:00:65:37:A6,2020-06-23,2024-06-22
2110420,ProDesk 400 G4,HPFRJ99X6E,HP,PRODESK-VZ-0850,Desktop,Intel Core i7-8700,4096,256,Windows 10 Pro,PEDA.UVSQ,Vélizy,GEII,Salle 121,02:00:00:0D:4F:CA,2017-12-30,2022-12-29
3494945,OptiPlex 7050,DL3HPW8Z9D,Dell,OPTIPLEX-VZ-0851,Desktop,Intel Core i5-10400,8192,1024,Windows 11 Pro,WORKGROUP,Vélizy,INFO,Salle 141,02:00:00:28:D0:80,2022-11-30,2027-11-29
4333228,ProDesk 600 G3,HPK28E8L97,HP,PRODESK-RB-0852,Desktop,Intel Core i7-8650U,4096,512,Windows 10 Pro,ADM.UVSQ,Rambouillet,INFO,Salle 101,02:00:00:44:D2:52,2021-03-20,2025-03-19
8102283,EliteDesk 800 G3,HPS64ZJCG6,HP,ELITEDESK-RB-0853,Desktop,Intel Core i7-8700,8192,1024,Windows 10 Edu,WORKGROUP,Rambouillet,Bâtiment B,Bureau 210,02:00:00:50:B0:B3,2023-06-22,2028-06-20
9670786,All-in-One 24-df,HPM34PNQHQ,HP,ALLINONE-RB-0854,AiO,Intel Core i7-8650U,8192,512,Windows 10 Pro,PEDA.UVSQ,Rambouillet,INFO,Salle 132,02:00:00:02:15:AB,2023-10-29,2028-10-27
2035478,All-in-One 24-df,HP45JMGS8T,HP,ALLINONE-RB-0855,AiO,Intel Core i5-6500,32768,1024,Windows 10 Pro,PEDA.UVSQ,Rambouillet,R&T,Salle 153,02:00:00:09:29:80,2018-06-17,2023-06-16
4346541,OptiPlex 7050,DLES4N8PJ7,Dell,OPTIPLEX-VZ-0856,Desktop,Intel Core i5-7500,16384,256,Windows 10 Pro,WORKGROUP,Vélizy,Bâtiment A,Salle 149,02:00:00:03:C5:9B,2018-04-22,2021-04-21
8491505,ThinkPad T480,LNPWME599G,Lenovo,THINKPAD-RB-0857,Laptop,Intel Core i5-8250U,32768,512,Windows 11 Edu,ADM.UVSQ,Rambouillet,Bâtiment A,Bureau 213,02:00:00:67:66:E7,2018-06-20,2022-06-19
7955091,OptiPlex 9020,DL7LDUS75L,Dell,OPTIPLEX-RB-0858,Desktop,Intel Core i5-7500,8192,512,Windows 10 Edu,ADM.UVSQ,Rambouillet,MMI,Bureau 207,02:00:00:5F:D1:E8,2024-05-19,2028-05-18
8985783,ProOne 600 G5 AiO,HPABFGL5L8,HP,PROONE-RB-0859,AiO,Intel Core i5-7500,32768,1024,Windows 10 Pro,PEDA.UVSQ,Rambouillet,GEII,Salle 135,02:00:00:39:42:82,2018-03-18,2021-03-17
6621378,OptiPlex 7060,DLNCRWNLGN,Dell,OPTIPLEX-RB-0860,Desktop,Intel Core i5-10400,16384,1024,Windows 11 Edu,PEDA.UVSQ,Rambouillet,Bâtiment B,Bureau 229,02:00:00:02:5B:50,2020-07-14,2023-07-14
6668532,OptiPlex 7070,DLBE9TEHGN,Dell,OPTIPLEX-RB-0861,Desktop,Intel Core i5-10400,4096,512,Windows 10 Edu,PEDA.UVSQ,Rambouillet,Bâtiment B,Salle 159,02:00:00:6B:8C:7A,2024-02-04,2028-02-03
9549491,Latitude 5490,DLPFE65UJB,Dell,LATITUDE-RB-0862,Laptop,Intel Core i7-8700,8192,1024,Windows 11 Pro,WORKGROUP,Rambouillet,Bâtiment B,Bureau 201,02:00:00:66:DA:43,2018-04-04,2023-04-03
1509884,OptiPlex 7060,DL6V689WVM,Dell,OPTIPLEX-VZ-0863,Desktop,Intel Core i7-8650U,16384,512,Windows 10 Pro,WORKGROUP,Vélizy,GEII,Bureau 218,02:00:00:65:6A:97,2017-11-25,2022-11-24
9348135,ProOne 600 G5 AiO,HPAQDNEQQ9,HP,PROONE-RB-0864,AiO,Intel Core i5-7500,8192,512,Windows 10 Edu,ADM.UVSQ,Rambouillet,MMI,Salle 120,02:00:00:4D:8B:46,2021-02-12,2024-02-12
2606260,OptiPlex 7060,DLP53FVKLB,Dell,OPTIPLEX-VZ-0865,Desktop,Intel Core i7-8650U,16384,512,Windows 10 Edu,WORKGROUP,Vélizy,Bâtiment B,Salle 133,02:00:00:7C:DA:AE,2018-06-11,2022-06-10
9309810,All-in-One 24-df,HP22ERGDMP,HP,ALLINONE-RB-0866,AiO,Intel Core i5-6500,16384,512,Windows 10 Pro,PEDA.UVSQ,Rambouillet,R&T,Salle 146,02:00:00:3C:58:69,2023-12-01,2028-11-29
7062578,ProDesk 400 G4,HPP6ULNQNP,HP,PRODESK-VZ-0867,Desktop,Intel Core i7-8700,8192,256,Windows 11 Pro,PEDA.UVSQ,Vélizy,Bâtiment A,Bureau 213,02:00:00:0A:E7:D4,2022-08-18,2026-08-17
4758589,ProOne 600 G5 AiO,HPNXCNXQ5G,HP,PROONE-VZ-0868,AiO,Intel Core i7-8700,32768,256,Windows 11 Edu,WORKGROUP,Vélizy,Bâtiment A,Bureau 224,02:00:00:61:2A:53,2023-11-03,2026-11-02
2398724,OptiPlex 9020,DLDXS6ZGY6,Dell,OPTIPLEX-RB-0869,Desktop,Intel Core i5-7500,4096,512,Windows 11 Pro,PEDA.UVSQ,Rambouillet,R&T,Salle 135,02:00:00:5D:BB:69,2023-04-24,2026-04-23
4715374,OptiPlex 7070,DLMYB45TUF,Dell,OPTIPLEX-RB-0870,Desktop,Intel Core i7-8700,32768,512,Windows 11 Edu,PEDA.UVSQ,Rambouillet,Bâtiment A,Salle 128,02:00:00:02:5F:CA,2020-11-09,2025-11-08
2921760,EliteDesk 800 G3,HPQ67DJRNG,HP,ELITEDESK-RB-0871,Desktop,Intel Core i5-6500,32768,1024,Windows 11 Edu,WORKGROUP,Rambouillet,MMI,Bureau 228,02:00:00:24:D2:09,2020-08-14,2025-08-13
4094368,All-in-One 24-df,HPZ84U6M5Y,HP,ALLINONE-VZ-0872,AiO,Intel Core i5-8250U,4096,256,Windows 11 Edu,PEDA.UVSQ,Vélizy,INFO,Salle 109,02:00:00:4B:0B:A7,2024-12-03,2029-12-02
2701580,OptiPlex 9020,DLY4EW74CU,Dell,OPTIPLEX-RB-0873,Desktop,Intel Core i5-8250U,16384,1024,Windows 10 Pro,WORKGROUP,Rambouillet,Bâtiment A,Bureau 202,02:00:00:22:2B:19,2023-06-18,2026-06-17
2860261,EliteDesk 800 G3,HPKAQP4ZZL,HP,ELITEDESK-VZ-0874,Desktop,Intel Core i7-8650U,8192,512,Windows 10 Pro,PEDA.UVSQ,Vélizy,MMI,Salle 149,02:00:00:62:08:CB,2022-12-19,2025-12-18
6582202,ThinkPad T480,LNFYTLTJMC,Lenovo,THINKPAD-RB-0875,Laptop,Intel Core i7-8650U,16384,256,Windows 11 Edu,PEDA.UVSQ,Rambouillet,R&T,Bureau 227,02:00:00:17:FB:90,2018-11-30,2021-11-29
9446796,OptiPlex 7050,DLH42EDRRB,Dell,OPTIPLEX-VZ-0876,Desktop,Intel Core i7-8700,16384,1024,Windows 10 Edu,PEDA.UVSQ,Vélizy,MMI,Salle 148,02:00:00:21:0E:59,2022-04-11,2026-04-10
6779672,OptiPlex 7070,DLLNTTHPJ3,Dell,OPTIPLEX-VZ-0877,Desktop,Intel Core i7-8650U,32768,256,Windows 10 Edu,WORKGROUP,Vélizy,R&T,Salle 148,02:00:00:5F:D7:49,2022-09-24,2025-09-23
8362749,OptiPlex 9020,DLXNFV3QV3,Dell,OPTIPLEX-VZ-0878,Desktop,Intel Core i5-6500,8192,512,Windows 11 Pro,WORKGROUP,Vélizy,R&T,Salle 125,02:00:00:21:11:EC,2018-12-01,2021-11-30
5122455,OptiPlex 7070,DL8KVKLJMR,Dell,OPTIPLEX-RB-0879,Desktop,Intel Core i5-7500,4096,1024,Windows 10 Pro,WORKGROUP,Rambouillet,INFO,Salle 141,02:00:00:37:44:1F,2018-04-10,2021-04-09
5326633,ThinkPad T480,LN9LQJ37GW,Lenovo,THINKPAD-VZ-0880,Laptop,Intel Core i5-10400,4096,512,Windows 11 Edu,PEDA.UVSQ,Vélizy,Bâtiment A,Bureau 213,02:00:00:7F:5D:F9,2019-10-17,2023-10-16
5883475,ProOne 600 G5 AiO,HPHHU5SDF6,HP,PROONE-RB-0881,AiO,Intel Core i5-7500,16384,512,Windows 11 Pro,PEDA.UVSQ,Rambouillet,GEII,Bureau 223,02:00:00:76:3F:74,2021-05-04,2024-05-03
3572653,OptiPlex 9020,DLHZ4XRJMG,Dell,OPTIPLEX-RB-0882,Desktop,Intel Core i7-8700,32768,1024,Windows 11 Pro,ADM.UVSQ,Rambouillet,GEII,Salle 154,02:00:00:4B:57:B8,2019-02-17,2024-02-16
4855550,EliteDesk 800 G3,HP6CDVSS3B,HP,ELITEDESK-RB-0883,Desktop,Intel Core i7-8700,16384,256,Windows 11 Edu,ADM.UVSQ,Rambouillet,MMI,Bureau 207,02:00:00:2B:69:22,2017-02-10,2021-02-09
2825423,OptiPlex 7050,DLQ2E9ZW8P,Dell,OPTIPLEX-VZ-0884,Desktop,Intel Core i7-8650U,16384,1024,Windows 11 Edu,ADM.UVSQ,Vélizy,Bâtiment A,Salle 125,02:00:00:08:B9:A3,2022-02-06,2025-02-05
5338178,OptiPlex 9020,DLP2VV69DY,Dell,OPTIPLEX-RB-0885,Desktop,Intel Core i5-8250U,32768,512,Windows 11 Edu,PEDA.UVSQ,Rambouillet,INFO,Salle 145,02:00:00:20:7A:85,2019-11-10,2022-11-09
5863770,ThinkPad T480,LNG3SWBVVB,Lenovo,THINKPAD-RB-0886,Laptop,Intel Core i5-8250U,32768,1024,Windows 10 Edu,ADM.UVSQ,Rambouillet,MMI,Salle 151,02:00:00:5D:23:17,2021-01-11,2024-01-11
6442649,ProDesk 600 G3,HPGZHSCYAW,HP,PRODESK-VZ-0887,Desktop,Intel Core i7-8650U,8192,512,Windows 10 Edu,ADM.UVSQ,Vélizy,MMI,Bureau 201,02:00:00:7C:FE:36,2024-06-05,2027-06-05
8262566,OptiPlex 7060,DLRRUHQEPL,Dell,OPTIPLEX-RB-0888,Desktop,Intel Core i5-10400,32768,512,Windows 11 Pro,PEDA.UVSQ,Rambouillet,INFO,Salle 124,02:00:00:7B:08:5F,2023-06-29,2028-06-27
5313845,Latitude 5490,DLVPF2P379,Dell,LATITUDE-VZ-0889,Laptop,Intel Core i5-8250U,8192,256,Windows 10 Pro,PEDA.UVSQ,Vélizy,INFO,Salle 157,02:00:00:31:69:E5,2019-02-16,2022-02-15
4117502,OptiPlex 7070,DLHN6KZU32,Dell,OPTIPLEX-VZ-0890,Desktop,Intel Core i5-6500,4096,1024,Windows 11 Pro,ADM.UVSQ,Vélizy,INFO,Bureau 229,02:00:00:7C:55:47,2021-02-03,2025-02-02
1772920,ProOne 600 G5 AiO,HPPWTKJQCL,HP,PROONE-RB-0891,AiO,Intel Core i7-8700,32768,256,Windows 11 Edu,WORKGROUP,Rambouillet,GEII,Bureau 224,02:00:00:76:58:4C,2020-04-29,2024-04-28
8752520,All-in-One 24-df,HPERYZJE22,HP,ALLINONE-RB-0892,AiO,Intel Core i5-7500,4096,512,Windows 10 Edu,WORKGROUP,Rambouillet,MMI,Salle 141,02:00:00:4F:35:FA,2024-04-06,2029-04-05
6814832,ProOne 600 G5 AiO,HPVR236VVG,HP,PROONE-RB-0893,AiO,Intel Core i7-8700,4096,1024,Windows 11 Pro,PEDA.UVSQ,Rambouillet,GEII,Bureau 204,02:00:00:23:27:3D,2019-04-01,2023-03-31
8941769,OptiPlex 7060,DLA97LBUSX,Dell,OPTIPLEX-RB-0894,Desktop,Intel Core i5-7500,16384,1024,Windows 11 Edu,WORKGROUP,Rambouillet,Bâtiment B,Salle 137,02:00:00:2E:31:20,2017-03-28,2021-03-27
7082712,EliteDesk 800 G3,HP9DSEQ984,HP,ELITEDESK-RB-0895,Desktop,Intel Core i5-8250U,8192,512,Windows 11 Pro,WORKGROUP,Rambouillet,MMI,Salle 144,02:00:00:62:50:DE,2017-04-01,2021-03-31
6300106,Latitude 5490,DLQL4DLLLW,Dell,LATITUDE-VZ-0896,Laptop,Intel Core i7-8700,16384,512,Windows 11 Edu,PEDA.UVSQ,Vélizy,R&T,Salle 115,02:00:00:49:43:70,2019-04-20,2023-04-19
9297964,OptiPlex 7050,DLX8DPJ7JA,Dell,OPTIPLEX-VZ-0897,Desktop,Intel Core i5-8250U,8192,512,Windows 10 Pro,PEDA.UVSQ,Vélizy,Bâtiment A,Salle 123,02:00:00:08:2E:0D,2024-11-21,2029-11-20
1518243,Latitude 5490,DL8RTGZR9E,Dell,LATITUDE-VZ-0898,Laptop,Intel Core i5-10400,8192,256,Windows 10 Edu,WORKGROUP,Vélizy,Bâtiment B,Salle 144,02:00:00:46:3F:E4,2020-08-01,2023-08-01
8833146,ThinkCentre M910,LN7MADCLGW,Lenovo,THINKCENTRE-RB-0899,Desktop,Intel Core i5-7500,16384,512,Windows 10 Pro,WORKGROUP,Rambouillet,R&T,Salle 102,02:00:00:7F:30:C6,2022-06-14,2026-06-13
5752804,OptiPlex 7050,DL6TPF2FL3,Dell,OPTIPLEX-VZ-0900,Desktop,Intel Core i5-8250U,8192,256,Windows 11 Pro,ADM.UVSQ,Vélizy,GEII,Salle 158,02:00:00:35:10:37,2024-01-22,2028-01-21
4065984,Latitude 5490,DLFANWYNQ3,Dell,LATITUDE-RB-0901,Laptop,Intel Core i7-8700,4096,1024,Windows 10 Edu,PEDA.UVSQ,Rambouillet,Bâtiment B,Salle 149,02:00:00:35:52:41,2024-07-26,2027-07-26
4509081,ProOne 600 G5 AiO,HP5VU5CZFG,HP,PROONE-VZ-0902,AiO,Intel Core i5-8250U,16384,256,Windows 11 Pro,WORKGROUP,Vélizy,MMI,Bureau 216,02:00:00:4D:97:67,2019-05-12,2024-05-10
2718053,Latitude 5490,DLN6JCKYFJ,Dell,LATITUDE-VZ-0903,Laptop,Intel Core i7-8650U,32768,512,Windows 11 Edu,PEDA.UVSQ,Vélizy,Bâtiment A,Salle 127,02:00:00:54:C0:70,2021-07-09,2026-07-08
4835945,OptiPlex 7050,DLCQXTV2J5,Dell,OPTIPLEX-VZ-0904,Desktop,Intel Core i5-10400,4096,512,Windows 10 Edu,ADM.UVSQ,Vélizy,MMI,Bureau 221,02:00:00:4B:C8:AE,2017-10-08,2020-10-07
5366679,OptiPlex 7060,DLE9MFJEHQ,Dell,OPTIPLEX-VZ-0905,Desktop,Intel Core i7-8650U,16384,1024,Windows 11 Pro,PEDA.UVSQ,Vélizy,Bâtiment A,Bureau 204,02:00:00:5F:58:CC,2023-09-26,2026-09-25
5512883,OptiPlex 7070,DLBCS67K72,Dell,OPTIPLEX-VZ-0906,Desktop,Intel Core i7-8650U,16384,512,Windows 10 Pro,ADM.UVSQ,Vélizy,Bâtiment B,Bureau 223,02:00:00:67:C7:B0,2020-12-06,2024-12-05
3755835,OptiPlex 7060,DLZJPZFBV6,Dell,OPTIPLEX-RB-0907,Desktop,Intel Core i5-10400,8192,512,Windows 11 Edu,PEDA.UVSQ,Rambouillet,GEII,Bureau 224,02:00:00:4B:72:BC,2022-07-09,2026-07-08
2043408,All-in-One 24-df,HPH5Y2YA4E,HP,ALLINONE-RB-0908,AiO,Intel Core i5-10400,4096,256,Windows 10 Edu,ADM.UVSQ,Rambouillet,R&T,Salle 157,02:00:00:28:49:F9,2021-09-30,2025-09-29
7392923,OptiPlex 7070,DLCPX3CM6L,Dell,OPTIPLEX-RB-0909,Desktop,Intel Core i5-8250U,4096,256,Windows 10 Edu,PEDA.UVSQ,Rambouillet,GEII,Salle 151,02:00:00:1A:E8:B2,2017-01-22,2020-01-22
7233982,EliteDesk 800 G3,HPR8LG628Y,HP,ELITEDESK-VZ-0910,Desktop,Intel Core i5-8250U,32768,512,Windows 11 Edu,WORKGROUP,Vélizy,Bâtiment B,Salle 136,02:00:00:3D:44:5C,2018-12-20,2021-12-19
8036446,ProDesk 400 G4,HPUUP9QD6V,HP,PRODESK-RB-0911,Desktop,Intel Core i7-8700,16384,1024,Windows 11 Pro,PEDA.UVSQ,Rambouillet,Bâtiment A,Bureau 210,02:00:00:48:C4:D4,2023-07-30,2027-07-29
9116297,ProDesk 600 G3,HPADGTN476,HP,PRODESK-RB-0912,Desktop,Intel Core i5-7500,8192,256,Windows 11 Edu,ADM.UVSQ,Rambouillet,R&T,Bureau 228,02:00:00:7C:4E:76,2022-02-21,2025-02-20
6195433,Latitude 5490,DLSA6UXQED,Dell,LATITUDE-VZ-0913,Laptop,Intel Core i5-10400,4096,1024,Windows 11 Pro,ADM.UVSQ,Vélizy,GEII,Salle 145,02:00:00:79:39:30,2023-11-26,2026-11-25
9742651,OptiPlex 7060,DLXDJS3G4N,Dell,OPTIPLEX-RB-0914,Desktop,Intel Core i5-6500,8192,1024,Windows 11 Edu,WORKGROUP,Rambouillet,GEII,Bureau 218,02:00:00:50:F9:6F,2017-01-10,2022-01-09
1349388,OptiPlex 9020,DL8GMSWS4B,Dell,OPTIPLEX-RB-0915,Desktop,Intel Core i5-6500,16384,1024,Windows 11 Pro,WORKGROUP,Rambouillet,R&T,Bureau 212,02:00:00:1B:D9:3B,2023-02-21,2026-02-20
2149784,ProDesk 400 G4,HPPV93L6MD,HP,PRODESK-VZ-0916,Desktop,Intel Core i5-6500,8192,256,Windows 11 Edu,PEDA.UVSQ,Vélizy,MMI,Bureau 206,02:00:00:27:C1:3D,2024-04-03,2027-04-03
6255034,OptiPlex 7070,DLPGFM586S,Dell,OPTIPLEX-RB-0917,Desktop,Intel Core i5-10400,4096,1024,Windows 10 Edu,WORKGROUP,Rambouillet,Bâtiment A,Bureau 204,02:00:00:24:6F:8A,2024-01-08,2029-01-06
4645374,ThinkPad T480,LNS2MX3FJD,Lenovo,THINKPAD-RB-0918,Laptop,Intel Core i5-7500,8192,512,Windows 10 Edu,WORKGROUP,Rambouillet,R&T,Salle 134,02:00:00:3D:ED:AC,2018-05-18,2023-05-17
8389844,OptiPlex 7070,DLUVYFNTUU,Dell,OPTIPLEX-VZ-0919,Desktop,Intel Core i7-8700,4096,1024,Windows 11 Edu,PEDA.UVSQ,Vélizy,Bâtiment B,Salle 121,02:00:00:3D:A3:68,2023-12-27,2027-12-26
1750210,ThinkPad T480,LNAN5SCDKZ,Lenovo,THINKPAD-RB-0920,Laptop,Intel Core i5-7500,8192,256,Windows 10 Pro,ADM.UVSQ,Rambouillet,Bâtiment B,Salle 132,02:00:00:60:22:FC,2021-02-15,2024-02-15
9264694,OptiPlex 7050,DLPLJDGCAA,Dell,OPTIPLEX-RB-0921,Desktop,Intel Core i5-7500,16384,1024,Windows 11 Pro,WORKGROUP,Rambouillet,INFO,Salle 158,02:00:00:67:EA:37,2019-08-27,2024-08-25
6127007,ThinkCentre M720,LNY56BWJPP,Lenovo,THINKCENTRE-VZ-0922,Desktop,Intel Core i5-6500,8192,256,Windows 11 Pro,ADM.UVSQ,Vélizy,MMI,Salle 114,02:00:00:65:31:6D,2020-01-22,2025-01-20
4138253,OptiPlex 7070,DLBFD5ETUT,Dell,OPTIPLEX-VZ-0923,Desktop,Intel Core i7-8650U,16384,256,Windows 10 Pro,WORKGROUP,Vélizy,Bâtiment A,Salle 134,02:00:00:66:98:53,2018-01-12,2023-01-11
1702345,ThinkCentre M910,LN5UF7T6ZX,Lenovo,THINKCENTRE-RB-0924,Desktop,Intel Core i7-8650U,32768,256,Windows 11 Edu,ADM.UVSQ,Rambouillet,GEII,Salle 128,02:00:00:3D:BC:2D,2022-07-24,2027-07-23
1349292,OptiPlex 7060,DLMTETY2BM,Dell,OPTIPLEX-RB-0925,Desktop,Intel Core i5-8250U,8192,1024,Windows 11 Pro,WORKGROUP,Rambouillet,Bâtiment A,Salle 143,02:00:00:13:C4:BB,2018-11-08,2021-11-07
5628279,OptiPlex 7070,DLRXMDJ5KJ,Dell,OPTIPLEX-VZ-0926,Desktop,Intel Core i7-8650U,16384,512,Windows 10 Edu,PEDA.UVSQ,Vélizy,GEII,Salle 147,02:00:00:52:BE:2C,2023-07-18,2026-07-17
9277857,OptiPlex 7070,DLT37EXHYC,Dell,OPTIPLEX-RB-0927,Desktop,Intel Core i5-10400,16384,1024,Windows 10 Pro,ADM.UVSQ,Rambouillet,GEII,Bureau 222,02:00:00:47:01:48,2021-06-05,2024-06-04
1727298,OptiPlex 7060,DLZTE2FPDY,Dell,OPTIPLEX-VZ-0928,Desktop,Intel Core i7-8700,32768,256,Windows 10 Edu,WORKGROUP,Vélizy,GEII,Salle 123,02:00:00:28:C0:80,2022-06-02,2026-06-01
2992458,OptiPlex 7050,DLLSGC43ME,Dell,OPTIPLEX-VZ-0929,Desktop,Intel Core i5-10400,32768,1024,Windows 10 Edu,ADM.UVSQ,Vélizy,R&T,Bureau 211,02:00:00:14:9D:3B,2019-05-15,2023-05-14
1294554,OptiPlex 7050,DL74TB5696,Dell,OPTIPLEX-RB-0930,Desktop,Intel Core i5-10400,4096,1024,Windows 10 Edu,WORKGROUP,Rambouillet,R&T,Salle 140,02:00:00:5D:65:65,2018-12-15,2021-12-14
1101314,EliteDesk 800 G3,HPBXKRVTX8,HP,ELITEDESK-VZ-0931,Desktop,Intel Core i7-8700,32768,256,Windows 11 Pro,WORKGROUP,Vélizy,Bâtiment B,Salle 124,02:00:00:1F:B2:FE,2020-11-27,2025-11-26
9754696,OptiPlex 7060,DLXF5ABV3R,Dell,OPTIPLEX-VZ-0932,Desktop,Intel Core i5-10400,8192,512,Windows 11 Edu,WORKGROUP,Vélizy,INFO,Salle 101,02:00:00:6C:A4:B5,2019-02-14,2023-02-13
6218352,OptiPlex 7050,DLYG8U69ST,Dell,OPTIPLEX-RB-0933,Desktop,Intel Core i5-8250U,4096,512,Windows 11 Edu,ADM.UVSQ,Rambouillet,Bâtiment A,Salle 120,02:00:00:56:9F:07,2024-03-07,2029-03-06
7975740,Latitude 5490,DL3CWA2W6T,Dell,LATITUDE-RB-0934,Laptop,Intel Core i5-6500,16384,1024,Windows 11 Edu,WORKGROUP,Rambouillet,Bâtiment A,Bureau 213,02:00:00:17:37:3F,2017-02-11,2020-02-11
9263717,All-in-One 24-df,HPDHUJ9HT2,HP,ALLINONE-VZ-0935,AiO,Intel Core i7-8650U,4096,512,Windows 11 Edu,WORKGROUP,Vélizy,INFO,Salle 105,02:00:00:1D:29:FB,2024-11-02,2029-11-01
2686752,Latitude 5490,DLZBFASFML,Dell,LATITUDE-VZ-0936,Laptop,Intel Core i5-7500,4096,256,Windows 10 Pro,ADM.UVSQ,Vélizy,Bâtiment A,Salle 123,02:00:00:73:85:3C,2020-11-29,2024-11-28
4965254,ThinkPad T480,LNHJCK67AN,Lenovo,THINKPAD-VZ-0937,Laptop,Intel Core i5-10400,8192,1024,Windows 11 Pro,ADM.UVSQ,Vélizy,Bâtiment B,Bureau 209,02:00:00:38:36:A1,2019-07-22,2022-07-21
4338829,ProOne 600 G5 AiO,HPRH3FJTHS,HP,PROONE-RB-0938,AiO,Intel Core i5-10400,4096,512,Windows 10 Pro,PEDA.UVSQ,Rambouillet,Bâtiment B,Bureau 211,02:00:00:03:0A:D1,2018-12-08,2021-12-07
6887032,OptiPlex 7050,DLVEDJVUGT,Dell,OPTIPLEX-VZ-0939,Desktop,Intel Core i7-8700,8192,512,Windows 11 Edu,ADM.UVSQ,Vélizy,R&T,Salle 130,02:00:00:06:EC:E8,2021-12-02,2024-12-01
5491817,OptiPlex 9020,DLGB7CDYFD,Dell,OPTIPLEX-RB-0940,Desktop,Intel Core i7-8650U,32768,512,Windows 11 Edu,PEDA.UVSQ,Rambouillet,R&T,Bureau 229,02:00:00:3C:5F:DE,2024-01-04,2029-01-02
4017202,ThinkCentre M910,LNRTSMG4HZ,Lenovo,THINKCENTRE-VZ-0941,Desktop,Intel Core i5-8250U,16384,512,Windows 10 Pro,ADM.UVSQ,Vélizy,Bâtiment B,Bureau 202,02:00:00:3E:FB:49,2022-07-31,2027-07-30
5097934,OptiPlex 7070,DLTVFW7GGA,Dell,OPTIPLEX-VZ-0942,Desktop,Intel Core i5-10400,8192,256,Windows 10 Edu,ADM.UVSQ,Vélizy,Bâtiment A,Salle 158,02:00:00:1B:B1:4B,2024-06-12,2029-06-11
6866255,OptiPlex 7050,DL6GYJJYH6,Dell,OPTIPLEX-RB-0943,Desktop,Intel Core i7-8650U,16384,1024,Windows 11 Pro,ADM.UVSQ,Rambouillet,Bâtiment A,Bureau 228,02:00:00:31:1C:F9,2024-07-18,2028-07-17
8394986,OptiPlex 7070,DLFZD3TNES,Dell,OPTIPLEX-VZ-0944,Desktop,Intel Core i5-6500,32768,256,Windows 11 Edu,PEDA.UVSQ,Vélizy,Bâtiment A,Bureau 216,02:00:00:5D:EC:22,2021-08-26,2024-08-25
5028269,ProOne 600 G5 AiO,HPMK24CUSC,HP,PROONE-RB-0945,AiO,Intel Core i5-8250U,16384,256,Windows 10 Edu,PEDA.UVSQ,Rambouillet,Bâtiment B,Salle 135,02:00:00:4F:4E:32,2023-08-19,2028-08-17
1951714,ThinkCentre M720,LNR2KCR2UT,Lenovo,THINKCENTRE-RB-0946,Desktop,Intel Core i7-8650U,32768,512,Windows 11 Edu,PEDA.UVSQ,Rambouillet,MMI,Salle 148,02:00:00:28:D5:1B,2020-09-19,2025-09-18
2165782,ProDesk 600 G3,HPU68272RL,HP,PRODESK-RB-0947,Desktop,Intel Core i5-7500,8192,1024,Windows 11 Edu,ADM.UVSQ,Rambouillet,Bâtiment A,Salle 157,02:00:00:3B:06:25,2018-09-06,2022-09-05
6524466,Latitude 5490,DLGV99TAQV,Dell,LATITUDE-VZ-0948,Laptop,Intel Core i5-8250U,32768,512,Windows 11 Edu,ADM.UVSQ,Vélizy,R&T,Salle 124,02:00:00:39:A8:C9,2017-01-29,2020-01-29
7468417,ProDesk 600 G3,HPT8PFLSJP,HP,PRODESK-RB-0949,Desktop,Intel Core i5-10400,4096,256,Windows 10 Pro,ADM.UVSQ,Rambouillet,R&T,Salle 152,02:00:00:56:6D:50,2019-09-17,2023-09-16
4043644,OptiPlex 9020,DLNS6Y5MCJ,Dell,OPTIPLEX-RB-0950,Desktop,Intel Core i5-6500,8192,512,Windows 11 Edu,WORKGROUP,Rambouillet,Bâtiment B,Bureau 204,02:00:00:77:C8:DC,2018-07-21,2021-07-20
7966560,Latitude 5490,DL4TRFLH7M,Dell,LATITUDE-VZ-0951,Laptop,Intel Core i7-8650U,4096,512,Windows 11 Pro,WORKGROUP,Vélizy,Bâtiment B,Bureau 219,02:00:00:16:EB:AF,2019-09-29,2024-09-27
1421996,OptiPlex 9020,DLT4PBJ2SS,Dell,OPTIPLEX-RB-0952,Desktop,Intel Core i7-8700,32768,512,Windows 11 Edu,WORKGROUP,Rambouillet,Bâtiment A,Salle 128,02:00:00:64:4F:00,2021-01-15,2024-01-15
2351004,ProDesk 400 G4,HPFEFPDYC4,HP,PRODESK-RB-0953,Desktop,Intel Core i5-7500,16384,1024,Windows 11 Edu,PEDA.UVSQ,Rambouillet,MMI,Bureau 206,02:00:00:38:22:34,2020-06-22,2025-06-21
5012482,ProDesk 400 G4,HPZK6R7TQB,HP,PRODESK-RB-0954,Desktop,Intel Core i7-8650U,4096,512,Windows 11 Pro,ADM.UVSQ,Rambouillet,R&T,Bureau 204,02:00:00:23:44:5B,2017-11-26,2020-11-25
1436262,OptiPlex 9020,DLV8MSYPKJ,Dell,OPTIPLEX-RB-0955,Desktop,Intel Core i5-10400,16384,256,Windows 10 Pro,ADM.UVSQ,Rambouillet,R&T,Salle 140,02:00:00:4A:2A:94,2017-01-05,2021-01-04
6639010,All-in-One 24-df,HPN4AGN44C,HP,ALLINONE-RB-0956,AiO,Intel Core i5-7500,16384,256,Windows 11 Edu,PEDA.UVSQ,Rambouillet,Bâtiment B,Bureau 221,02:00:00:50:4C:E6,2023-01-06,2028-01-05
1032037,ProOne 600 G5 AiO,HP9WRMA4W5,HP,PROONE-VZ-0957,AiO,Intel Core i5-10400,32768,256,Windows 11 Pro,ADM.UVSQ,Vélizy,MMI,Salle 119,02:00:00:36:51:5F,2022-12-11,2026-12-10
4154249,OptiPlex 7070,DLZCJK5ES5,Dell,OPTIPLEX-VZ-0958,Desktop,Intel Core i7-8650U,4096,512,Windows 10 Edu,PEDA.UVSQ,Vélizy,R&T,Salle 136,02:00:00:74:75:88,2023-03-16,2027-03-15
9630645,ProDesk 400 G4,HPZ8K5D2JE,HP,PRODESK-RB-0959,Desktop,Intel Core i5-7500,16384,512,Windows 11 Edu,WORKGROUP,Rambouillet,GEII,Salle 152,02:00:00:0A:6B:81,2022-07-14,2026-07-13
1628473,ProDesk 600 G3,HPZDBTHBLH,HP,PRODESK-RB-0960,Desktop,Intel Core i5-7500,4096,512,Windows 10 Edu,WORKGROUP,Rambouillet,R&T,Bureau 206,02:00:00:22:01:09,2020-09-22,2023-09-22
9236613,OptiPlex 7050,DLQ97EUREJ,Dell,OPTIPLEX-RB-0961,Desktop,Intel Core i5-8250U,8192,1024,Windows 10 Edu,PEDA.UVSQ,Rambouillet,Bâtiment B,Bureau 226,02:00:00:30:EC:36,2021-12-21,2026-12-20
9563002,ProDesk 600 G3,HP9CRFKNDF,HP,PRODESK-VZ-0962,Desktop,Intel Core i5-7500,16384,512,Windows 11 Pro,PEDA.UVSQ,Vélizy,GEII,Salle 158,02:00:00:33:4D:5F,2021-12-18,2024-12-17
3735763,ProOne 600 G5 AiO,HPJWU6YY2Q,HP,PROONE-RB-0963,AiO,Intel Core i7-8650U,16384,1024,Windows 11 Edu,PEDA.UVSQ,Rambouillet,INFO,Bureau 217,02:00:00:0F:48:A4,2019-05-10,2023-05-09
9606090,ProDesk 400 G4,HPEG5JKNQE,HP,PRODESK-RB-0964,Desktop,Intel Core i5-6500,8192,1024,Windows 10 Edu,PEDA.UVSQ,Rambouillet,INFO,Salle 119,02:00:00:11:38:27,2017-12-25,2021-12-24
6322592,OptiPlex 9020,DLF4WUZ6B7,Dell,OPTIPLEX-VZ-0965,Desktop,Intel Core i5-7500,16384,256,Windows 10 Pro,WORKGROUP,Vélizy,R&T,Bureau 204,02:00:00:41:A1:30,2022-02-17,2025-02-16
9569683,Latitude 5490,DLCA7VRK5R,Dell,LATITUDE-RB-0966,Laptop,Intel Core i7-8650U,4096,1024,Windows 11 Edu,PEDA.UVSQ,Rambouillet,R&T,Salle 127,02:00:00:27:6C:A5,2022-11-15,2025-11-14
1308480,OptiPlex 7070,DLLG77FYRK,Dell,OPTIPLEX-RB-0967,Desktop,Intel Core i7-8650U,32768,512,Windows 10 Edu,ADM.UVSQ,Rambouillet,Bâtiment A,Bureau 202,02:00:00:53:F5:97,2024-06-18,2028-06-17
6622346,OptiPlex 9020,DLCS38GV2D,Dell,OPTIPLEX-RB-0968,Desktop,Intel Core i5-7500,32768,1024,Windows 11 Edu,ADM.UVSQ,Rambouillet,Bâtiment B,Salle 128,02:00:00:2D:A7:7C,2022-11-28,2025-11-27
2361514,Latitude 5490,DLQCHFP7JP,Dell,LATITUDE-RB-0969,Laptop,Intel Core i5-8250U,8192,512,Windows 10 Edu,PEDA.UVSQ,Rambouillet,Bâtiment A,Salle 120,02:00:00:39:1F:49,2023-12-25,2028-12-23
3902098,EliteDesk 800 G3,HPQ7N55WMY,HP,ELITEDESK-VZ-0970,Desktop,Intel Core i5-10400,8192,1024,Windows 10 Edu,ADM.UVSQ,Vélizy,R&T,Salle 149,02:00:00:6A:B8:07,2018-08-04,2022-08-03
2483237,ProDesk 600 G3,HPLM46BATU,HP,PRODESK-RB-0971,Desktop,Intel Core i5-8250U,32768,256,Windows 10 Pro,ADM.UVSQ,Rambouillet,MMI,Salle 141,02:00:00:11:B7:C9,2020-03-26,2024-03-25
8057419,Latitude 5490,DL3RFFE2BE,Dell,LATITUDE-RB-0972,Laptop,Intel Core i7-8700,8192,512,Windows 10 Edu,WORKGROUP,Rambouillet,INFO,Salle 157,02:00:00:36:97:15,2019-09-11,2024-09-09
3356098,ProOne 600 G5 AiO,HPHTZY9X6U,HP,PROONE-RB-0973,AiO,Intel Core i5-7500,4096,256,Windows 10 Pro,PEDA.UVSQ,Rambouillet,R&T,Salle 107,02:00:00:1C:58:5B,2021-11-09,2026-11-08
7597053,All-in-One 24-df,HPTK755Z6S,HP,ALLINONE-VZ-0974,AiO,Intel Core i5-10400,32768,1024,Windows 11 Pro,PEDA.UVSQ,Vélizy,Bâtiment B,Salle 103,02:00:00:59:87:A5,2023-10-29,2026-10-28
9536332,OptiPlex 9020,DL3APQAYGK,Dell,OPTIPLEX-VZ-0975,Desktop,Intel Core i5-7500,8192,1024,Windows 11 Pro,WORKGROUP,Vélizy,Bâtiment A,Bureau 216,02:00:00:2F:91:00,2023-04-03,2027-04-02
1333230,OptiPlex 7060,DLXVCPBCTG,Dell,OPTIPLEX-RB-0976,Desktop,Intel Core i5-6500,16384,512,Windows 11 Pro,ADM.UVSQ,Rambouillet,Bâtiment B,Salle 149,02:00:00:02:8C:7C,2017-08-24,2021-08-23
3893097,ThinkCentre M720,LNY4W5MM9U,Lenovo,THINKCENTRE-VZ-0977,Desktop,Intel Core i5-7500,16384,1024,Windows 10 Pro,PEDA.UVSQ,Vélizy,R&T,Salle 131,02:00:00:1E:C1:46,2019-12-18,2022-12-17
6705699,Latitude 5490,DLGEXNX5J2,Dell,LATITUDE-RB-0978,Laptop,Intel Core i5-10400,8192,1024,Windows 10 Edu,WORKGROUP,Rambouillet,INFO,Salle 127,02:00:00:15:F7:0B,2020-01-28,2023-01-27
1159474,All-in-One 24-df,HPPVPJMGP6,HP,ALLINONE-RB-0979,AiO,Intel Core i5-6500,8192,512,Windows 10 Edu,ADM.UVSQ,Rambouillet,INFO,Salle 136,02:00:00:01:7E:8E,2018-09-14,2021-09-13
7014988,EliteDesk 800 G3,HPG7Z6NUG2,HP,ELITEDESK-VZ-0980,Desktop,Intel Core i5-6500,4096,256,Windows 10 Pro,WORKGROUP,Vélizy,R&T,Bureau 225,02:00:00:1F:C2:54,2023-09-27,2026-09-26
5442546,OptiPlex 9020,DLGY3L5JFK,Dell,OPTIPLEX-VZ-0981,Desktop,Intel Core i5-6500,32768,256,Windows 10 Pro,WORKGROUP,Vélizy,MMI,Salle 121,02:00:00:0E:96:DA,2020-02-17,2023-02-16
6669262,ProDesk 400 G4,HPC7R2D79M,HP,PRODESK-VZ-0982,Desktop,Intel Core i5-8250U,32768,1024,Windows 11 Pro,PEDA.UVSQ,Vélizy,INFO,Salle 144,02:00:00:47:EC:69,2020-07-07,2025-07-06
6746877,OptiPlex 9020,DLQ79RD4CL,Dell,OPTIPLEX-RB-0983,Desktop,Intel Core i7-8700,8192,1024,Windows 10 Pro,ADM.UVSQ,Rambouillet,GEII,Salle 115,02:00:00:19:F8:4B,2018-07-04,2021-07-03
8858234,All-in-One 24-df,HPE7L5BMB7,HP,ALLINONE-VZ-0984,AiO,Intel Core i5-6500,32768,1024,Windows 11 Pro,PEDA.UVSQ,Vélizy,Bâtiment A,Salle 148,02:00:00:39:BE:F9,2020-06-20,2025-06-19
2443763,ThinkCentre M720,LNBMGKT8QL,Lenovo,THINKCENTRE-RB-0985,Desktop,Intel Core i5-7500,32768,256,Windows 10 Edu,PEDA.UVSQ,Rambouillet,Bâtiment B,Salle 101,02:00:00:27:76:48,2023-05-27,2027-05-26
2720339,OptiPlex 9020,DL9FMJQN2U,Dell,OPTIPLEX-VZ-0986,Desktop,Intel Core i5-8250U,32768,1024,Windows 10 Edu,PEDA.UVSQ,Vélizy,Bâtiment B,Salle 137,02:00:00:6F:A6:33,2022-07-15,2025-07-14
5681195,ProOne 600 G5 AiO,HPNSP8MVUB,HP,PROONE-RB-0987,AiO,Intel Core i5-8250U,32768,1024,Windows 11 Edu,WORKGROUP,Rambouillet,Bâtiment A,Bureau 228,02:00:00:08:58:FB,2021-12-28,2026-12-27
3681449,ProOne 600 G5 AiO,HPSKYAP362,HP,PROONE-VZ-0988,AiO,Intel Core i5-10400,8192,256,Windows 10 Edu,WORKGROUP,Vélizy,GEII,Salle 154,02:00:00:75:2D:AE,2019-10-20,2023-10-19
3978885,OptiPlex 7050,DLAFCJ2AE7,Dell,OPTIPLEX-RB-0989,Desktop,Intel Core i5-7500,32768,256,Windows 11 Edu,WORKGROUP,Rambouillet,INFO,Bureau 208,02:00:00:0A:8E:3C,2018-08-25,2022-08-24
2101468,ThinkCentre M910,LNEECVCKUX,Lenovo,THINKCENTRE-RB-0990,Desktop,Intel Core i5-6500,16384,1024,Windows 10 Edu,ADM.UVSQ,Rambouillet,MMI,Bureau 205,02:00:00:53:9D:FB,2017-03-20,2022-03-19
7830286,ProOne 600 G5 AiO,HPZ47WDSGT,HP,PROONE-RB-0991,AiO,Intel Core i5-8250U,8192,512,Windows 10 Pro,PEDA.UVSQ,Rambouillet,GEII,Salle 104,02:00:00:7E:4F:FB,2022-02-09,2025-02-08
2570683,OptiPlex 7050,DLTZKCZPTF,Dell,OPTIPLEX-VZ-0992,Desktop,Intel Core i5-10400,16384,256,Windows 10 Pro,ADM.UVSQ,Vélizy,R&T,Bureau 208,02:00:00:78:32:21,2020-08-20,2023-08-20
4944889,ProDesk 600 G3,HPGFZ4FH9K,HP,PRODESK-RB-0993,Desktop,Intel Core i5-7500,8192,256,Windows 11 Pro,WORKGROUP,Rambouillet,MMI,Salle 146,02:00:00:4E:94:6D,2022-02-22,2026-02-21
5723196,OptiPlex 9020,DLHSQ6EWTH,Dell,OPTIPLEX-VZ-0994,Desktop,Intel Core i5-8250U,8192,1024,Windows 11 Edu,ADM.UVSQ,Vélizy,Bâtiment B,Bureau 215,02:00:00:67:0A:5A,2019-04-07,2022-04-06
4659527,OptiPlex 7060,DLE9R7KCJA,Dell,OPTIPLEX-VZ-0995,Desktop,Intel Core i5-8250U,32768,512,Windows 10 Pro,PEDA.UVSQ,Vélizy,MMI,Salle 112,02:00:00:72:FF:DF,2018-03-18,2021-03-17
7755186,ProOne 600 G5 AiO,HPZDM2MZDH,HP,PROONE-RB-0996,AiO,Intel Core i7-8700,32768,256,Windows 11 Pro,WORKGROUP,Rambouillet,MMI,Salle 107,02:00:00:5A:A5:03,2017-01-26,2022-01-25
4731180,ThinkPad T480,LN3AXT68EM,Lenovo,THINKPAD-RB-0997,Laptop,Intel Core i5-7500,16384,1024,Windows 11 Pro,ADM.UVSQ,Rambouillet,Bâtiment B,Bureau 220,02:00:00:3F:94:58,2024-03-13,2027-03-13
7558115,Latitude 5490,DLM95A94LW,Dell,LATITUDE-VZ-0998,Laptop,Intel Core i7-8700,4096,256,Windows 11 Edu,WORKGROUP,Vélizy,GEII,Bureau 217,02:00:00:5E:1F:81,2021-04-17,2024-04-16
9315472,OptiPlex 7050,DLEVHX5F23,Dell,OPTIPLEX-VZ-0999,Desktop,Intel Core i7-8650U,32768,256,Windows 11 Pro,PEDA.UVSQ,Vélizy,Bâtiment B,Salle 126,02:00:00:56:4A:53,2023-07-05,2027-07-04
9285426,OptiPlex 9020,DL44GR346M,Dell,OPTIPLEX-RB-1000,Desktop,Intel Core i7-8650U,16384,256,Windows 10 Pro,WORKGROUP,Rambouillet,Bâtiment B,Salle 145,02:00:00:64:6F:95,2017-12-29,2022-12-28
